,Title,%Similarity,Scientific Name,AA Sequence
0,ref|XP_036742433.1| DNA nucleotidylexotransferase isoform X3 [Manis pentadactyla],56.07843137254902,manis pentadactyla,MDPLRMADLSPRKKRPRQTGASMASPSQDVKFQDLVIFILEKKMGRSRRAFLMELARSKGFRVESELSDSITHIVAENNSDSDVLEWLQAQNIKASAQLELLDVCWLIECMGAGKPVEVTGKHQLVVRKDYSASANPEPQKTPPLAVKKISPYACQRRTTLNNCNHIFTDAFEVLAENYEFRENEGSCLAFMRAASVLKSLPFTIISMKDTENIPCLEDKVKYIIEEIIEDGECSEVKAVLNDERYQSFKLFTSVFGVGLKTAEKWFRMGFRTLSKIRSDKTLKFTQMQKAGFLYYEDLVSRVTREEAEAVSVLVKEAVGAFLPDAFITMTGGFRRGKKTGHDVDFLITSPGITEEEDQQILLKVINLWERK
1,gb|NXL81708.1| TDT nucleotidylexotransferase [Leptocoma aspasia],59.6078431372549,leptocoma aspasia,MDRFKAPAVISQRKRQKGLDFPKHSCSYEIKFSNFVIFIMQRKMGMTRRMFLMELARRKGFRVESELSDSVTHIVAENNSYQEVLDWLKGQAVGDSSRFELLDISWFTACMEAGRPVDSEMKYRLMEQCQSPPLNTPELEMSAFIATKVSQYSCQRKTTLNNYNKKFTDAFEVMAENYEFKENEIFCLEFLRAASLLKSLPFSVTRMKDIQGLPCVGDQVRDIIEEIIEEGESSRVKEVLNDERYKAFKQFTSVFGVGVKTSEKWYRMGLRTVEEVKADKTLKLSKMQKAGFLYYEDLVSCVSKAEADAVSLIVKNTVCTFLPDALVTITGGFRRGKNIGHDIDFLITNPGPREDDELLHKGLLLYCDIIESTFVKEQLPSRKVDAMDHFQKCFAILKLYQPRVDNNTCNTSKKLEMAEVKDWKAIRVDLVITPFEQYAYALLGWTGSRQFGRDLRRYAAHERKMILDNHALYDRRKVLFILRNKANVFLFLSVHF
2,ref|XP_019411376.1| PREDICTED: DNA nucleotidylexotransferase isoform X2 [Crocodylus porosus] >ref|XP_019411377.1| PREDICTED: DNA nucleotidylexotransferase isoform X2 [Crocodylus porosus],59.411764705882355,crocodylus porosus,LRCDYPLSDSVTHIVAENNSCGEVLQWLRGQKVRDSSRFELLDISWFTACMEAGKPVDSEIKHRLIVQQDCSATSETCVSEASSFAADRVSQYACQRRTTLNNYNKKFTDAFEILAENFEFRENKLGCLEFLRAASVLKFLPYPIVKMKNIEGLPCMGDKVKCVIEDIIEEGESSQAKEILNDERYKSFKLFTSVFGVGLKTSEKWYRMGFRTLEEVKAEKTLKLSRMQIAGFLHYEDIVSYVSKAEADAVSLLIKDTVCMFSPEALVTVTGGFRRGKKTGHDVDFLITNPGPKEEKELLHKVVDLWEKQGLLLYCDIIESTFEKEKLPSRRVDALDHFQKCFAILKLHQQRTGNSNSNISKESDKAEVKDWKAIRVDLVISPFEQYAYALLGWTGSRQFERDLRRYASHERKMMLDNHALYDKTKRTFLKAESEEEIFAHLGLDYIEPWERNA
3,ref|XP_006113230.1| DNA nucleotidylexotransferase isoform X3 [Pelodiscus sinensis],52.54901960784314,pelodiscus sinensis,MRDSSRFKLLDISWFTACMEAGKPVDSEKKYQLIVQQTYPATSYTPELETSSFVAGRVSQYACQRRTTLNNCNKKFTDAFEILAGNYEFKENAVLCLAFMRAASVLKSLPFTILRMHDLEGLPCMGDEIRAVIEEIIDEGESSRVKDVLTDGRYQSFKEFSSVFGVGLKTSEKWYRMGFRTLEDVKADKTLKLSRMQKAGFLHYEDLISYVSKVEADAVSVIVEDAVRTFLPDALVTITGGFRRGKKIGHDVDFLITSPELREEEEVLHRVIDLWKKQGVLLYYDLVESTFEQAKLPSRKVDAFDHYQKCFAILKCPQQRVDTSNCDTSKESEKAKAKAWKAIRVDLVVSPFEQYAYALLGWTGSRQFERDLRRYATHERKMMLDNHALYDKTKRIFLKAKSEDEIFAYLGLDYLEPWERNA
4,ref|XP_053160873.1| DNA nucleotidylexotransferase isoform X2 [Hemicordylus capensis],50.19607843137255,hemicordylus capensis,NEEHSATSNMHPVNAFAADVISQYACQRRTSLNNYNTKFTDAFETLAENDEFRGNGGPCLAFRRAASVLKFLPFTVVRIKDIEGLPWMGEQVKGIIEDILEEGESPKVTAVLNNEYYKSTKLFTSVFGVGLKTSEKWYRMGLRTLEEIKSFKNLKLTRMQRAGLLHYEDLVSCVSKAEADSAGQIVKDTVRKFSPSALITLTGGFRRGKKTGHDVDFLITVPGSMEEGKLLHQVIDFWDKEGLLLYYDLIESTFEKTKLPSRRVDALDHFQKCFAILKLPKERVNHNSSAISDESAQEEVKDWKAIRMDLVVSPFEQYAFALLGWSGSRQFERDLRRYATHERKMMLDNHALYDRTKKHFLNAASEEEIFAYLGLDYIEPWERNA
5,ref|XP_043912851.1| DNA nucleotidylexotransferase [Protopterus annectens],57.25490196078431,protopterus annectens,RKRQRVTELLCTKNDETEFCEVVVYLVERRMGSNRRAFLMDLARKKGFRVDTDLSESVTHIVAESSSYAQVLEWIQKQGKTISPDCNLLDICWFTESMKARTPVEIEERHQLMVEMACTVKVSAPSQAQISQYACQRRTTLNNHNKVLTDACDIMAEYYEIKEIKGQYIGFMRASSVLKSLPHAITSIRNLEGIPWLGDHVKSFIEEIIEDGESSKVNQLLSDKKHATIKLFKSVFGVGPKTAEKWYWMGFRSLEEIKQDQTLIFTKMQKAGLLYYDDISRSVCKEEADAVQQILVDIVQNIYPKAAVTLTGGFRRGKKIGHDIDFLISNPDLGTEDDILQKVLSKLLAQKLLLYCDINESTFEPGKLPSRKVDALDHFLKSFIILKLNKVLVDYESCDGHQDVTGSDRKDWKAVRVDIVVPPFDRYPFALLGWTGSRQFERDLRRYATHEKNMMVDNHILYDKTKKTFLTATSEEEIFMHLGLDYIEPWERNA
6,ref|XP_046719688.1| DNA nucleotidylexotransferase isoform X1 [Silurus meridionalis],50.588235294117645,silurus meridionalis,RKRRQPELTCAQPQKEMKFGEVTVYLVERRMGKSRRNFLTSLARSKGFCVDNNLSSNVTHIVAEDNPAHELWPWLQEQGIENLSKMNVLDITWFTQSMRAGRPLPVETEHWIQGHRVACSDNSGCEKPSVQPEPEAVPPDSPWFTVSQYACKRRTTLHNHNKILTDALEVLAENYEFIESIGPCLGFRRAASVLKSLPVPLRNISDIERLPCLGPETKAVIQDIFECGSSSKVEEVLTDERYRTLKIFTSVFGVGPKTAEKWYRKGLRRLEQITFDTSIHLNRMQVAGFQHYKDISKPVSKAEAEAVGRIIKEIASSFNGDVTITLTGGFRRGKEFGHDVDFLLTVPGHGKEDGLLPAVIDQLRSQGILLYSDFQESTFDLSKLPSCRFEAMDHFQKCFLIVKLKNEQVDGQQAEQTCGRDWKAVRVDLVAPPAERYAFALLGWSGSTQFERDLRRFARLERNMMLDNHALFDKTTNTFLQAKTEEDIFTHLGLDYIEPWQRNA
7,ref|XP_031973058.1| DNA nucleotidylexotransferase isoform X5 [Corvus moneduloides] >ref|XP_039410407.1| DNA nucleotidylexotransferase isoform X4 [Corvus cornix cornix],52.156862745098046,corvus cornix cornix,LLLHQRKMGKTRRMFLMELGRRKGFRVESELSDSVTHIVAENNSYLEVLDWLKGQAVGDSSRFELLDISWFTACMEAGRPVDSELKYHLMEQRQSPPLNVPELEMPAFTATKVSQYSCQRKTTLNNYNKKFTEIIEEGESSRVREVLNDERYKAFKQFTSVFGVGVKTSEKWYRMGLRTVEEVKADKTLKLSKMQKAGFLYYEDLVSCVSKAEADAVSLIVKNAVCTFLPDALVTITGGFRRGKKIGHDIDFLITSPGPGEDDELLHKVIDLWKRQGLLLYCDIIESTFVKEQLPSRKVDAMDHFQKCFAILKLCQPRVDNSTCNTSKKLEMAEVKDWKAIRVDLVITPFEQYAYALLGWTGSRQFGRDLRRYASHERKMVLDNHALYDRRKRIFLKAGSEEEIFAHLGLDYVEPWERNA
8,sp|O57486.2| RecName: Full=DNA nucleotidylexotransferase; AltName: Full=Terminal addition enzyme; AltName: Full=Terminal deoxynucleotidyltransferase; Short=Terminal transferase [Ambystoma mexicanum] >gb|AAB92673.2| matrice independent polymerase [Ambystoma mexicanum],58.03921568627452,ambystoma mexicanum,MYAFPTTRIAPRRKQPKCIKPPKCTSKYDIKFKDIAIYILERKMGASRRYFLMELARKKGFRVEPDLSEYVTHVVSEKNSGAEVLEWLQAKKAGSIPNVAILDISWFTDCMGAGQPVEIERKHRLTLQKICVCKSPSPVVPSRVGVSQYACQRKTTLDNKNTLFTDAFEILAENYEFRENERSCLSFRQAASVLKSLTFTIAGMADVDGLPGFGDHIRAVIEDLIEDGESSKVSEVLNDEVYRSLKLFTTIFGVGLRTAEKWHRLGIRTLEEIKSNENLKFSKMQIAGLQHYEDILGGVRKAEADAVAMVVRDAVWTFLPDAVVTLTGGFRRGNKTGHDVDMLITSPIQGKEKELLHKVINLWKKQDLLLCHTIHESTMDEDNLPSKSVNLLDHFQKCFAILKSNQHRGEISSCDGPHDSRERGKRIWKAIRVDLVFCPFEQYAFALLGWTGSRQFERDLRRYASHEKKMMIDNHALYDKTKRVFVKCESEEEIFGHLGLEYIDPVERNA
9,ref|XP_026869908.2| DNA nucleotidylexotransferase isoform X2 [Electrophorus electricus],50.98039215686274,electrophorus electricus,LQATPWTLLRKRRQPEVTCAHPKQETKFRDVIMYLVERRMGKSRRMFLTSLARSKGFCVEDTLSDKVTHIIAEANPAHELWSWLHGQSLTDPDSTNVLDISWFTESMEAGRPVLVEAKHCIQQKPSLQLKKTLPANPLPTVSQYACQRRTTLDNHNKVFTDALEVLIENYEFSDNKGACVGFRRAASVLKSLPKPLRCLKDMEGLPCLGDDTKAIIEEIYECGSSSRVENILSDEKYQTLKLFTSVFGVGPKTGDKWYRRGLRALEQVHSEPSIQLNKMQAAGFLYYEDISKPVSRAEAKAVGCIIEEVASCFSSSVTITLTGGFRRGKEFGHDVDFLLSIPEPGKEDGLLPAVIDRLRKQGILLYSDLQESTLQQWKRPSRCFDSMDHFQKCFLIVKLWTRLVEGHREDPSSRRDWKAVRVDLVVPPVDCYAFALLGWSGSTFERDLRRFARLERRMLLDNHALYDKTTNTFLQAKTEEDIFAHLGLDYIEPWQRNA
10,ref|XP_026655427.1| DNA nucleotidylexotransferase isoform X4 [Zonotrichia albicollis],50.3921568627451,zonotrichia albicollis,SLPLNMPALEMPAFIATKVSQYSCQRKTTLNNYNKKFTDAFEVMAENYEFKENEIFCLEFLRAASLLKSLPFSVTRMKDIQGLPCVGDQVRDIIEEIIEEGESSRVNEVLNDERYKAFKQFTSVFGVGVKTSEKWYRMGLRTVEEVKADKTLKLSKMQKAGLLYYEDLVSCVSKAEADAVSLIVKNTVCTFLPDALVTITGGFRRGKNIGHDIDFLITNPGPREDDELLHKVIDLWKKQGLLLYCDIIESTFVKEQLPSRKVDAMDHFQKCFAILKLYQPRVDNSTCNTSEQLEMAEVKDWKAIRVDLVITPFEQYPYALLGWTGSRQFGRDLRRYAAHERKMILDNHGLYDRRKRIFLKAGSEEEIFAHLGLDYVEPWERNA
11,ref|XP_038678209.1| DNA nucleotidylexotransferase isoform X1 [Scyliorhinus canicula],56.666666666666664,scyliorhinus canicula,LGIIPKRKRQKVTEVSSSHSKHEVRFQNLIIFIVERKMGSSRRMFLMDLARKKGFRVDDVLSDSVTHVVAENNSWNEIWDWIQNQKLSNADKLKVLDISWFTDSMAAGKPVDIEEQHRLQERKILQSNLPLASPVVTISQYACQRRSTVNNRNKIFTDALDMLAENFEFNENDGAFVAFSRATSLLKSLPYTISRMANLEGLPCFGEQTKAIIEEILEDGVCSKVESLLCDEKYKARKLFTSVFGVGLKTADKWYGQGFRTLEEVKAAKDLKFTKMQKAGFLYYEDINSAVTRPEADAVGQIIENIVQECTPDASVTLTGGFKRGKVKGHDVDFLISCLKEGKHEDLLHKTVRKLDIQGLLLHSDFMEATLEKRKLPSKQYDAMDHFQKCFLILKLNKALVNNRVLSVPSVSAVRPTNKEAEPEVNTKIKDWKAIRVDLVVVPAQQFAYALLGWTGSRQFERDLRRYTHHEKNMMLDNHGLYDKKKKVFLEAKTEEEIFAHLDLDYIEPWERNA
12,ref|XP_044155657.1| DNA nucleotidylexotransferase [Bufo gargarizans],56.07843137254902,bufo gargarizans,MELVRTPTLVPIKKKPKLLQVSSSFYHYEVKFKGIVLYLLERKMGASRRNFLMELGRKRGFQIESELRDSVTHIVAENNSGDEVLEWLQTTKLTKANLYQILDISWFTECMGAGYPIIIECRHRLQVQQDCSASFNPPLSSSCVHVSPYACQRQTPLQDINRIFTDALDTLAENYEFLENKGPLVAFRRASSVLKSLQSPIVSIKDLRGLPLLGDEMKHIIEEILEEGKCWRVLEVVNSERYKAFKVFTSIFGVGLKTAEKWHRMGFRTLEDIKTKKDLKLTRMQKHGLLYYEDITSHVSKMEADAVEHLVKNIICEFVPDAIVTITGGFRRGKDVGHDVDLLITCPRRGAEKNILHNTINVLKNQGRLLFYDIIESTFDDTKLPSRRVDALDHYQKSFIILKLLKKEVKAQIPEDDGWTEPEDTYPRDWKAVRVDLVISPQEQYAFALLGWTGSPQFERDLRRYASQEKKMMLDNHALFDKTKHIFLRARTEQDIFDHLGLDYLEPGDRNA
13,ref|XP_023785462.1| DNA nucleotidylexotransferase isoform X3 [Cyanistes caeruleus],54.90196078431373,cyanistes caeruleus,MDRFKTPAVTSQRKRQKGLHSPKLSGSYEIKFSNLVIFIMQRKMGMTRRMFLMELGRRKGFRVESELSDSVTHIVAENNSYLEVLDWLKGQAVGDISRFELLDISWFTACMEVGRPVDSEVKYHLMEQCQYPSLNTPELEMPAFIATKVSQYSCQRKTTLNNYNKKFTEIIEEGESSRVKEVLDDERYKAFKQFTSVFGVGVKTSEKWYRMGLRTVEEVKADKTLKLSKMQKAGFLYYEDLVSCVSKAEADAVSLIVKNTVCTFLPDALVTITGGFRRGKNIGHDIDFLITNPGPREDDELLHKVTDLWKKQGLLLYCDIIESTFVKEQLPSRQVDAMDHFQKCFAILKLYQPRVDNSTCNTSEKLETAEVKDWKAIRVDLVITPFEQYAYALLGWTGSRQFGRDLRRYAAHERKMILDNHALYDRRKRIFLKAGSEEEIFAHLGLDYVEPWERNA
14,ref|XP_018414400.1| PREDICTED: DNA nucleotidylexotransferase [Nanorana parkeri],57.45098039215686,nanorana parkeri,MDLVRGSGLIPVKKRPKILHGSSSFCHYEVKFKGIVLFLVERKMGTSRRNFLMELAKKRGFQIERELRDCVTHIVAENNSGAEVVEWLQSRKLNNAVKCQIVDISWFTECMGAGCPIKIESRHQLTVQEDCPASFNMPVSSSCVRVSPYACQRRTPLQDINRIFTDAFDILAENYEFLENKGPRVAYQRASAVLKSLPFPILTMKDLEGLPHLGEEMKYIIEEILEDGKSSRVDQVIYSERYKSFKIFTSIFGVGLKTAEKWYRMGYRTLEDITSNKGLTFTSMQKHGLLYYEDITSSVTKTEADAVEHLIRTVICGFVSDAIVTVTGGFRRGKDVGHDVDILITCPQKRDENQILHKTINALKKRDLLLFCYLVESTFDDTKRPSRYIDSLDHFQKCFLILQLQKEESKNAYSHKPKGCDAKRSWKAIRVDLVVTPYEQYAFALLGWTGSQQFERDLRRYASHEKKMMLDNHAMYDKSKNIFLKAETEEDIFTHLGLEYLEPWERNA
15,ref|XP_039338914.1| DNA nucleotidylexotransferase isoform X1 [Mauremys reevesii],58.235294117647065,mauremys reevesii,SDSVTHIVAENNSCAEVLEWLRGHKMRDSSRFELLDISWFTACMEAGKPVDSEKKYRLMVQQAYPATLDTPESETSSFVAGRVSQYACQRRTTLNNCNKKFTDAFEILVENYEFRENEVSCLAFMRAASVLKFLPFTIVRMEDLEGLPCMGSEIRNVIEEIIEEGESSRAKDVLTDERYQSFKLFISVFGVGLKTSEKWYRMGFRTLEEVKADKTLKLSRMQKAGFLYYEDLLSCVSKAEADAVNLIVKDAVRTFLPDALVTITGGFRRGKKIGHDVDFLITSPELGQEEEVLHKVIDLWKKQGLLLYYDLIESTFQQAKLPSRKVDAFDHFQKCFAILKLHQQRVDTSSCDTSKESDKAEVKDWKAIRVDLVVSPFEQYAYALLGWSGSRQFERDLRRYATHERKMMLDNHALYDKTKRIFLKAKSEEEIFAHLGLDYLEPWERNA
16,ref|XP_032088044.1| DNA nucleotidylexotransferase [Thamnophis elegans],59.6078431372549,thamnophis elegans,MNEIKTTNFSPMRKRQKRMQIAVPPSSYKIDFRDIIIFIVERKMGMTRRTFLMDLARRKGFRVENELSDCVTHIVAENNSCSEILGWLHKHKMEDSSRFRILDISWLTACMEVGRPVDFEKYQLPVSQHIAPNNNPGPPATPDIGGIRISPYACQRRTTLKNFNQKLTDAFEILAEHCEFNENKELCLTFGRAASVLKYLPFPVVRVSNIEGLPWMGERVKEVIEDILEEGESSKVNAVLNDESYRSIKLFTSVFGVGLKTSDKWYRMGLRTLEEVKCNKNLTLTRMQRAGFLYYDDLISCVSKAEADAATRIVQDTVWRISPHAIVTLTGGFRRGKQTGHDVDFLVTVPGSRQEEELLHTVIDIWKKQELLLYYDLIESTFENTKLPSRNVDALDHFQKCFAILKVHKESVNRGSASQSKLFADEGAKDWKAIRVDLVVTPFQHYAFALLGWTGSRQFERDLRRYASHEKKMMLDNHALYDKTKRIFLSAENEEEIFSHLGLDYLEPWERNA
17,ref|XP_042290198.1| DNA nucleotidylexotransferase [Thunnus maccoyii],50.0,thunnus maccoyii,PRLRKRSRAVEAGVSRREEVKFEDVRLYLVERKMGRSRRSFLTQLARSKGFIVDDVLSDEVTHVVSEDSEASSLWVWLKGCGLKNLPTMLVLDISWFTDSMGAGRPVAVETRHLIQDTLSTLPEGSTPTPVAAVSQYACQRRTTIENNNKIFTDAFEVLAESSEFNENEGSCLAFRRAASVLKSLSWEVRCMGAIQDLPCLGERTKAVMEEFLQYGRSLEVEKVLSNERYQTLKLFTSVFGVGPKTAEKWYHRGLRSFNGILADPSIQLNRMQHYGFLHYGDISRAVSKAEARALGNIIDEAVHAITPDAILALTGGFRRGKEFGHDVDFIVTALETGTEDSLLLNVIDRLKDQGILLYCDYQASTFDMSKLPNHRFEAMDQFAKGFLILRLEGSQVDGGLNCAEGDSRGWRAVRVDLVSPPMDRYAFALLGWTGSRQFERDLRRYARFERRMLLDNHALFDKTKKEFLAATTEKDIFAHLGLEYIEPWQRNA
18,ref|XP_006113227.1| DNA nucleotidylexotransferase isoform X2 [Pelodiscus sinensis] >ref|XP_014437310.1| DNA nucleotidylexotransferase isoform X2 [Pelodiscus sinensis] >ref|XP_014437311.1| DNA nucleotidylexotransferase isoform X2 [Pelodiscus sinensis] >ref|XP_014437312.1| DNA nucleotidylexotransferase isoform X2 [Pelodiscus sinensis] >ref|XP_025035541.1| DNA nucleotidylexotransferase isoform X2 [Pelodiscus sinensis] >ref|XP_025035542.1| DNA nucleotidylexotransferase isoform X2 [Pelodiscus sinensis] >ref|XP_025035543.1| DNA nucleotidylexotransferase isoform X2 [Pelodiscus sinensis] >ref|XP_025035544.1| DNA nucleotidylexotransferase isoform X2 [Pelodiscus sinensis] >ref|XP_025035545.1| DNA nucleotidylexotransferase isoform X2 [Pelodiscus sinensis] >ref|XP_025035546.1| DNA nucleotidylexotransferase isoform X2 [Pelodiscus sinensis],56.07843137254902,pelodiscus sinensis,SDSVTHIVAENNSYAEVLEWLRGHKMRDSSRFKLLDISWFTACMEAGKPVDSEKKYQLIVQQTYPATSYTPELETSSFVAGRVSQYACQRRTTLNNCNKKFTDAFEILAGNYEFKENAVLCLAFMRAASVLKSLPFTILRMHDLEGLPCMGDEIRAVIEEIIDEGESSRVKDVLTDGRYQSFKEFSSVFGVGLKTSEKWYRMGFRTLEDVKADKTLKLSRMQKAGFLHYEDLISYVSKVEADAVSVIVEDAVRTFLPDALVTITGGFRRGKKIGHDVDFLITSPELREEEEVLHRVIDLWKKQGVLLYYDLVESTFEQAKLPSRKVDAFDHYQKCFAILKCPQQRVDTSNCDTSKESEKAKAKAWKAIRVDLVVSPFEQYAYALLGWTGSRQFERDLRRYATHERKMMLDNHALYDKTKRIFLKAKSEDEIFAYLGLDYLEPWERNA
19,gb|KFV65256.1| DNA nucleotidylexotransferase [Dryobates pubescens],62.745098039215684,dryobates pubescens,MDMIRTPAVFSQKKRQKRMSSPNLSCNYEIKFNKFVIFIMQRKMGMTRRTFLMELARRKGFRVESELSDSVTHIVAENNSYLEVLDWLKGQAVGDSSRFELLDVSWLTACMEAGRPIDLEMKYRLMEQDQSPTSNIPKPEVSSFIASKVSQYSCQRKTTLKNYNKKFTDAFEIMAESYEFKENEIFCLEFLRAASVMKFLPFPVTRMKDIQGLPCMGDRVRDVIEEIIEEGESSRAKEVLNDERYISFKQFTSVFGVGVKTSEKWYRMGLRTLEEVKADKTLKLSKMQKAGFLYYEDLVSSVSKGEADAVSLIVKNTVYAFLPDALVTITGGFRRGKKIGHDIDFLITNPGPHEDEKLLHKGLLLYCDIMESTFVKEQLPTRDVDAMDRFQKCFAILKLYQPRAESSSYNMSEKTDMAEVKDWKAIRVDLVVTPFEQYAYALLGWTGSRQFGRDLRRYATHERKMILDNHALYDRKKKIFLKAGSEEEIFAHLGLDYVEPWERNA
20,ref|XP_042094971.1| DNA nucleotidylexotransferase isoform X4 [Ovis aries],69.41176470588235,ovis aries,MDPLCTASSGPRKKRPRQVGASMASPPHDIKFQNLVLFILEKKMGTTRRNFLMELARRKGFRVENELSDSVTHIVAENNSGSEVLEWLQVQNIRASSQLELLDVSWLIESMGAGKPVEITGKHQLVVRTDYSATPNPGFQKISQYACQRKTTLNNYNHIFTDAFEILAENSEFKENEVSYVTFMRAASVLKSLPFTIISMRDTEGIPCLGDKVKCIIEEIIEDGESSEVKAVLNDERYQSFKLFTSVFGVGLKTSEKWFRMGFRSLNKIMSDKTLKFTKMQKAGFLYYEDLVSCVTRAEAEAVGVLVKEAVWAFLPDAFVTMTGGFRRGKKIGHDVDFLITSPGSAEDEEQLLPKVINFWEKKGLLLYYDLVESTFEKFKLPSRQVDTLDHFQKCFLILKLHHQRVDSGKSNQQEGKTWKAIRVDLVMCPYENHAFALLGWTGSRVF
21,gb|NXN00324.1| TDT nucleotidylexotransferase [Sylvia borin],62.94117647058823,sylvia borin,MDRFKAPAVVSQRKRQKGLCSPKLSCSYEIKFSNFVIFIMQRKMGMTRRMFLMELGRRKGFRVESELSDSVTHIVAENNSYLEVLDWLKGQAVGDNSRFELLDISWFTACMEAGRPVDSEMKYRLMEQCQSPPLNTPELEMSAFTATKVSQYSCQRKTTLNNYNKKFTDAFEVMAENYEFKENEILCLEFLRAASLLKSLPFSVTRMKDIQGLPCMGDQVRDIIEEIIEEGESSRVKEVLNDERYKAFKQFTSVFGVGVKTSEKWYRMGLRTVEEVKADKTLKLSKMQKAGFLYYEDLVSCVSKAEADAVTLIVKKTVCTFLPDALVTITGGFRRGKNIGHDIDFLITNPGPREDDDLLHKGLLLYCDIIESTFVKEQLPSRKVDAMDHFQKCFAILKLYQPRVDNSTCNTSKKLELAEVKDWKAIRVDLVITPFEQYAYALLGWTGSRQFGRDLRRYATHERKMILDNHALYDKRKRIFLKAGSEEEIFAHLGLDYVEPWERNA
22,gb|NXC34676.1| TDT nucleotidylexotransferase [Campylorhamphus procurvoides],63.921568627450974,campylorhamphus procurvoides,MDRIKAPAVISPRKRQKGLHSPKLSCNYEIKFTKFVIFIMQRKMGTTRRMFLMELARRKGFRVESELSDSVTHIVAENNSYLEVLDWLKGQAVGDSSRFELLDISWFTACMEAGRPVDSEMKYHLMKQCQSPLNTPESEVPSFIARKVSQYSCQRKTTLNNYNQKFTDAFEIMAENYEFKENEIFCLEFLRAASLLKYLPFPVTRMRDIQGLPCLGDQVRDVIEEIIEEGESSRVKEVLNDERYKAFKQFTSVFGVGVKTSEKWYRMGLRTVEELKADKTLKLSKMQKAGFLYYEDLVSCVSKAEADAVTLIVKNTVSTFLPDALVTITGGFRRGKMMGHDIDFLITNPGPREDDELLHKGLLLYCDIIESTFVEEQLPSRKVDAMDHFQKCFAILKLYQPGADNSSYNMSEQLDMAEVKDWKAIRVDLVITPFEQYAYALLGWTGSRQFGRDLRRYANHERKMILDNHGLYDRRKRIFLKAGSEEEIFAHLGLDYVEPWERNA
23,gb|NWU42861.1| TDT nucleotidylexotransferase [Hylia prasina],63.725490196078425,hylia prasina,MDRFKAPAVISQRKRQKGLHSPKLSSNYEIKFSNFVIFIMQRKMGMTRRMFLMELGRRKGFRVESELSDSVTHIVAENNSYLEVLDWLKGQAVGDSSRFELLDISWFTACMEAGRPVDSEMKYRLMEQCQSPPLNTPELEIPAFAAAKVSQYSCQRKTTLNNYNKKFTDAFEVMAENYEFKENEIFCLEFLRAASLLKSLPFSVTRMKDIQGLPCVGDQVRDIIEEIIEEGESSRVKEVLNDERYKAFKQFTSVFGVGVKTSEKWYRMGLRTVEEVKADKTLKLSKMQKAGFLYYEDLVSCVSKAEADAVSLLVKNTVHTFLPDALVTITGGFRRGKNIGHDIDFLITNPGPREDDELLHKDLLLYCDIIESTFVKEQLPSRKVDAMDHFQKCFSILKLYQPRVDSSTCNTSKQLEMAEVKDWKAIRVDLVITPFEQYAYALLGWTGSRQFGRDLRRYAAHERKMILDNHALYDRRKRIFLKAGSEEEIFAHLGLDYVEPWERNA
24,gb|NXD70529.1| TDT nucleotidylexotransferase [Eolophus roseicapilla],63.725490196078425,eolophus roseicapilla,MDKIRAPAVSSQRKRQKGMHSPNLSCSHEIKFNKFVIFIMQRKMGMTRRTFLMELARRKGFRVESELSDSVTHIVAENNSYPEVLDWLRGQAVGDSSRFELLDISWFTACMEAGRPVDSEMKYRLMEQDHSPPLNTPKSEALPFIASKVSQYSCQRKTTLNNCNKKFTDAFEIMAENYEFKENEIFCLEFLRAASVLKFLPFPVIRMKDIQGLPCMGDRVRDVIEEIIEEGESSRAKEVLNDERYKSFKQFTSVFGVGVKTSEKWYRMGLRTLEEVKADKTLKLSKMQKAGFLYYEDLVSCVSKEEADAVSLIVRNTVCTFLPDALVTITGGFRRGKTTGHDIDFLITNQGPREDDELLHKGLLLYCDIIESTFLKEQIPSRKVDAMDNFQKCFAILKLCQPRVDNSSHNTSKKLDMAEVKDWKAIRVDLVITPFEQYAYALLGWTGSRQFGRDLRRYATHEKKMILDNHALYDRKKRIFLKAGSEEEIFAHLGLDYVEPWERNA
25,gb|NWX63954.1| TDT nucleotidylexotransferase [Promerops cafer],62.94117647058823,promerops cafer,MDRFKAPAVISQRKRQKGLHSLKPSSSYEIKFSNFVIFIMQRKMGMTRRMFLMELGRRKGFRVESELSDSVTHIVAENNSYLEVLDWLRGQAVGDSSRFELLDISWFTACMEAGRPVDSEMKYRLMEQCQSPPLNTPELEMPAFIATKVSQYSCQRKTTLNNYNKKFTDAFEVMAENYEFKENEIFCQEFLRAASLLKSLPFSVTRMKDIQGLPCMGDQVRDIIEEIIEEGESSRVKEVLNDERYKAFKQFTSVFGVGVKTSEKWYRMGLRTVEEVKADKTLKLSKMQRAGFLYYEDLVSCVSKAEADAVSLIVKNTVCTFLPDALVTITGGFRRGKNIGHDIDFLITSPGTREDDELLHKGLLLYCDIIESTFVKEQLPSRKIDAMDHFQKCFAILKLYEPRVDNSTCNTSKKLEMAEVKDWKAIRVDLVITPFEQYAYALLGWTGSRQFGRDLRRYAAHERKMILDSHALYDRRKRIFLKAASEEEIFAHLGLDYVEPWERNA
26,gb|NWH78804.1| TDT nucleotidylexotransferase [Piaya cayana],62.549019607843135,piaya cayana,MDRMKASAISYQRKRQKGMHSPSLSCSYKVKFNNFVIFVMQRKMGMTRRTFLMELARRKGFRVESELSDSVTHIVAENNSYSEVLDWLRGQSVGDISRFELLDISWFTACMEAGRPVDAEMKYRLMEKDHAPPLKTPESEVPLFKASKVSQYSCQRKTTLNNYNKKFTDALEIMAENYEFKENEIFCLEFLRAASVLKFLPFPVTRMKDIQGLPCMGDRVRDVIEEVIEEGESSRAKEVLNDERYKSFKQFTSVFGVGVKTSEKWYRMGLRSVEEVKANKTLKLSKMQKAGFLYYEDLVSCVSKAEADAVSLIVNNTVCSFLPDALVTITGGFRRGKKIGHDIDFLITNPGPGEDDELLHKDLLLYCDIIESTFVKEQLPSRKVDAMDNFQKCFAILKLYQPKVDKSSYNMSEKFDMAEVKDWKAIRVDLVITPFEQYAYALLGWTGSRQFGRDLRRYAAHERKMILDNHALYDRRKRIFLKAGSEEEIFEHLGLDYVEPWERNA
27,ref|XP_036242107.1| DNA nucleotidylexotransferase isoform X3 [Molothrus ater],60.98039215686275,molothrus ater,MGLTRWMFLMELGRRKGFRVESELSDSVTHIVAENNSYLEVLDWLKGQAVGDSSRFELLDISWFTACMEAGRPVDSEVKYRLMEQSQSPPLNTPELEMPAFIATKISQYSCQRKTTLNNYNKKFTDAFEVMAENYEFKENEIFCLEFLRAASLLKSLPFSVTRMKDIQGLPCMGDQVRDIMEEIIEEGESSRVKEVLNDERYKAFKQFTSVFGVGVKTSEKWYRMGLRTVEEIKADKTLKLSKMQKAGFLYYEDLVSCVSKAEADAVSLIVKNTVCTFLPDALVTITGGFRRGKNIGHDIDFLITNPGPREDDELLHKVIDLWKKQGLLLYCDIIESTFVKEQLPSRRVDAMDHFQKCFAILKLYQPRVDNSTCNTSKQLEMAEVKDWKAIRVDLVITPFEQYSYALLGWTGSRQFGRDLRRYAIHERKMILDNHGLYDRRKRIFLKAGSEEEIFAHLGLDYVEPWERNA
28,pdb|6GO3|A TdT chimera (Loop1 of pol mu) - apoenzyme [Mus musculus] >pdb|6GO4|A TdT chimera (Loop1 of pol mu) - binary complex with ddCTP [Mus musculus] >pdb|6GO5|A TdT chimera (Loop1 of pol mu) - Ternary complex with 1-nt gapped DNA substrate [Mus musculus] >pdb|6GO5|B TdT chimera (Loop1 of pol mu) - Ternary complex with 1-nt gapped DNA substrate [Mus musculus] >pdb|6GO6|A TdT chimera (Loop1 of pol mu) - ternary complex with downstream dsDNA [Mus musculus] >pdb|6GO7|A TdT chimera (Loop1 of pol mu) - full DNA synapsis complex [Mus musculus],69.6078431372549,mus musculus,SPSPVPGSQNVPAPAVKKISQYACQRRTTLNNYNQLFTDALDILAENDELRENEGSCLAFMRASSVLKSLPFPITSMKDTEGIPCLGDKVKSIIEGIIEDGESSEAKAVLNDERYKSFKLFTSVFGVGLKTAEKWFRMGFRTLSKIQSDKSLRFTQMQKAGFLYYEDLVSCVNRPEAEAVSMLVKEAVVTFLPDALVTMTGGFRRGKMTGHDVDFLITSPEATEDEEQQLLHKVTDFWKQQGLLLYHQYHRSHLADSAHNLRQRSSTMDVFERSFCILKLDHGRVHSEKSGQQEGKGWKAIRVDLVMCPYDRRAFALLGWTGSRQFERDLRRYATHERKMMLDNHALYDRTKRVFLEAESEEEIFAHLGLDYIEPWERNA
29,gb|KFQ83614.1| DNA nucleotidylexotransferase [Phoenicopterus ruber ruber],63.13725490196078,phoenicopterus ruber ruber,MDRIRAPAVFSQRKRQKGMHSPNLSCSYEIKFNKLVIFIMQRKMGRTRRTFLMELARRKGFRVESELSHSVTHIVAENNSYLEVLDWLRGQAVGDSSRFELLDISWFTACMEAGRPVDSEMKYRLMEQDQSPPLNTPELEVPSFIASKVSQYSCQRKTTLDNYNKKFTDAFEIMAENYEFKENEIFCLEFLRAASVLKFLPFPVTRMKDIQGLPCMGDRVRDVIEEIIEEGESSRAKEVLNDERYKSFKEFTSVFGVGVKTSEKWYRMGLRTLEEVKAERTLKLSKMQKAGFRYYEDLVSCVSKAEADAVSLIVKNTVCTFLPDALVTITGGFRRGKKIGHDIDFLVTNPGPREDDELLHKGLLLYCDVIESTFVKEQLPSRKVDAMDNFQKCFAILKLYQPRVDNSSYNTSKKFDMAEVKDWKAIRVDLVITPFEQYAYALLGWTGSRQFGRDLRRYANHERKMILDNHALYDRRKRIFLKAGSEEEIFAHLGLDYVEPWERNA
30,ref|XP_026526500.1| DNA nucleotidylexotransferase isoform X1 [Notechis scutatus],60.78431372549019,notechis scutatus,MNKIKTTSFSPMRKRQKRKQIAIPLSSYKIEFRDIIIFIVERKMGVTRRAFLMDLARRKGFQVENEFSDCVTHIVAENNSCSEILGWLYKHKMEDSSRFRILDISWLTACMEVGRPVDSEKYQLPKLADYPNPNPNPSATPDIDRTCISPYACQRRTTLKNYNQKFTDAFEILVENYEFNENKEFCLAFGRAASLLKCLPFTVVRVNDIEGLPWMGKQVREIIEDILEEGESSKVKAVLNDENYRSIKLFTSVFGVGLRTSEKWYRMGLRTLEEVKCNKNLTLTRMQKAGFFYYDDLISSVSKAEADAATQIVQDTVWKILPNAVVTLTGGFRRGKQTGHDVDFLITVPGSRQEEELLHPVIDIWKKQELLLYYDLIESTFENTKLPSRKVDALDHFQKCFAILKVHKERVNKGSAVQSNVFAEEGTKDWKAIRVDLVVTPFQHYAFALLGWTGSRQFERDLRRYATQEKKMMLDNHALYDKTKKIFLSAANEEEIFSHLGLDYLEPWERNA
31,ref|XP_038599643.1| DNA nucleotidylexotransferase isoform X3 [Tachyglossus aculeatus],69.01960784313725,tachyglossus aculeatus,KKKRRMNALISPTLHEIKFNEFVLFILEKKMGTTRRAFLMELARRKGFRVESELSDSVTHIVAENNSCSDVLEWLAGQNVGDSSRFELLDISWLTECMKVGKPVEAIGKHQLVTPSDCITETPPLATKEVSQYACKRRTTLNNCNQKFTDAFEILAKNFEFRENEGICLAFMRAISVLKCLPFTIVRMRDIEGVPWLGEQVKSIIEEIIEDGESSRVKAVLNDERYKSFLLFTSIFGVGLKTSEKWYRQGFRTLDEVKADKSLKLTKMQKAGFLYHEDLVSCVAKEEADAVYLIVKEAVRAFLPEALVTLTGGFRRGKKIGHDVDFLISDPESGEDEQLLPNVIKLWEKQELLLYYDLVESTFEKTKLPSRKVDAMDHFQKCFLILKLHHQKVDSNRSKPPPESKTHEAKNWKAIRVDLVMCPIQQYAYALLGWTGSRQFERDLRRYATHEKKMMLDNHALYDKTKKIFLKAESEEDIFTHLGLDYIEPWERNA
32,ref|XP_053928203.1| DNA nucleotidylexotransferase isoform X1 [Cuculus canorus],64.50980392156863,cuculus canorus,MDRVRAPAISYQRKRQKGMHSPGLSCSYEIKFNKFVIFIMQRKMGMTRRTFLMELARRKGFRVESELSDSVTHIVAENNTYPEVLDWLRGQSVGDISRFELLDISWFTACMEAGRPVDSEMKYRLMEKDHSSSLNTPESEVPLFTASKVSQYSCQRKTTLNNYNKKFTDALEIMAENYEFKENEIFCLEFLRAASVLKFLPFPVTRMKDIQGLPCMGDRVRDVIEGVIEEGESSRAKEVLNDERYKSFKQFTSVFGVGVKTSEKWYRMGLRTVEDVKADKTLKLSKMQKAGFLYYEDLVSCVSKAEADAVSLIVKNTVCTFLPDAVVTITGGFRRGKKIGHDIDFLITNPGPGEDDELLHKVVDLWKKQDLLLYCDIIESTFVREQLPSRKVDAMDNFQKCFAILKLYQPKVDKSSYNTSEKFDMAEVKDWKAIRVDLVITPFEQYAYALLGWTGSRQFGRDLRRYATHEKKMILDNHALYDRRKRIFLKAGSEEEIFAHLGLDYVEPWERNA
33,ref|XP_029885634.1| DNA nucleotidylexotransferase isoform X1 [Aquila chrysaetos chrysaetos],65.68627450980392,aquila chrysaetos chrysaetos,MDRIRAPAVLSQRKRQKGMRSPNLSCSYEIKFNKFVIFIMQRKMGMTRRTFLMELARRKGFRVESELSDSVTHIVAENNSYLEVLDWLRGQAVGDTSRFELLDISWFTACMEAGRPVDSEMKYRLMEQDQSPPLNTPESEVPSFIASKVSQYSCQRKTTLNNYNKKFTDALEIMAENYEFKENEIFCLEFLRAASVLKCLPFPVTRMKDIQGLPCMGDRVRDVIEEIIEEGESSRAKEVLNDERYKSFKLFTSVFGVGVKTSEKWYRMGLRTLEEVKADKTLKLSKMQKAGFLYYEDLVSCVSKAEADAVSLIVKNTVCTFLPDALVTITGGFRRGKKIGHDIDFLITNPGPKEDDELLHKVVDLWKKQGLLLYCDIIESTFVKEQLPSRKVDAMDHFQKCFAILKLYQPGVDNSSYNVSKKFDMAEVKDWKAIRVDLVITPFEQYAYALLGWTGSRQFGRDLRRYATHERKMILDNHSLYDRRKRIFLKAGSEEEIFAHLGLDYIEPGERNA
34,gb|NWY00334.1| TDT nucleotidylexotransferase [Nothoprocta ornata],62.35294117647059,nothoprocta ornata,MERMRAPAVASRKKSQREMQSPKPPCSYEIKFNKFVIFIVQRKMGKTRRAFLMELARRKGFRVESELSDSVTHIVAENNSYSEVSDWLRGQAVQESSRFELLDISWFTACMEAGRPVETEMKYRLLEQDECPSMNTCEPEVPSFTASKVSQYSCQRKTTLNNFNKKFTDAFEIMAENYEFKENEIFSLEFLRAASVMKFLPFPVVRMKDIQGLPCMGDQVRDIIEEIIEEGESSRAKDVLNDDRYKSFKQFTSVFGVGVKTSEKWYRMGLRTLEEVKAEKTLKLSKMQKVGLLYYEDLVSCVSEAEADAVGLVVKKAVHTFLPDALVTLTGGFRRGKKIGHDIDFLITNPGPREDDDLLHKGLLLYCDIIESTFVKEQRPSRNIDAMDNFQKCFAILKLYQPRVDSKSQSTSEELDMAEVKDWKAIRVDLVISPFEQYAYALLGWTGSKQFGRDLRRYASHEKKMMLDNHALYDRRKRIFLKAGSEEEIFAHLGLDYVEPWERNA
35,gb|KQK78617.1| DNA nucleotidylexotransferase [Amazona aestiva],63.33333333333333,amazona aestiva,MDKIRAPAVSSQRKRQRGMHTPDLSCSYEIKFNKFVIFIMQRKMGMTRRTFLMELARRKGFRVESELSDSVTHIVAENNSYPEVLNWLRGQAVGDSSRFELLDISWFTACMEAGRPVDSEMKYRLMEQGYAPPLNTPESEALPFIASKVSQYSCQRKTTLNNCNKKFTDAFEIMAENYEFKENEIFSLEFLRAASVLKFLPFPVIRMKDIQGLPCMGDRVKDVIEEIIEEGESSRAKEVLNDERYKSFKQFTSVFGVGVKTSEKWYRMGLRTLEEVKADKTLKLSKMQKAGFLYYEDLVSCVSKAEADAVSLIVRNTVCTFLPDALVTITGGFRRGKKTGHDIDFLITNPGPREDDELLQKGLLLYCDIIESTFLKEQIPSRKVDAMDNFQKCFAILKLCQPGVDNSSYNTSKNTDMAEVKDWKAIRVDLVITPFEQYAYALLGWTGSRQFGRDLRRYANHEKKMILDNHALYDREKRIFLKAGSEEEIFXHLGLDYVEPWERNA
36,ref|XP_027527888.1| DNA nucleotidylexotransferase isoform X1 [Neopelma chrysocephalum],64.11764705882354,neopelma chrysocephalum,MDKIKASGVISHRKRQKGLHSPKVSCSYEIKFTKFVIFIMQRKMGITRRMFLTELARRKGFRVESELSDSVTHIVAENNSYLEVLDWLKGQAVHDSSRFELLDISWFTACMEAGRPVDSEMKYRLMEQCQSPLNTPESEVPSFIARKVSQYSCQRKTTLNNYNKKFTDAFEIMAENYEFKENEIFCLEFLRAASLLKYLPFPVTRMKDIQGLPCIGDQVRDVIEGIIEEGESSRVKEVLNDERYKAFKQFTSVFGVGVKTSEKWYRMGLRTVEELKADKTLKLSKMQKAGFLYYEDLVSCVSKAEADAVTLIVKNTVSTFLPDALVTITGGFRRGKKMGHDIDFLITNPGPREDDELLHKVVDLWKKQGLLLYCDIIESTFVEEQLPSRKVDAMDNFQKCFTILKLYQPGVDNSSYNMSKKSDMAEVKDWKAIRVDLVITPFEQYAYALLGWTGSREFGRDLRRYASHERKMILDNHGLYDRRKRIFLKAGSEEEIFAHLGLDYVEPWERNA
37,ref|XP_036242106.1| DNA nucleotidylexotransferase isoform X2 [Molothrus ater],61.568627450980394,molothrus ater,LTLIHFLRKMGLTRWMFLMELGRRKGFRVESELSDSVTHIVAENNSYLEVLDWLKGQAVGDSSRFELLDISWFTACMEAGRPVDSEVKYRLMEQSQSPPLNTPELEMPAFIATKISQYSCQRKTTLNNYNKKFTDAFEVMAENYEFKENEIFCLEFLRAASLLKSLPFSVTRMKDIQGLPCMGDQVRDIMEEIIEEGESSRVKEVLNDERYKAFKQFTSVFGVGVKTSEKWYRMGLRTVEEIKADKTLKLSKMQKAGFLYYEDLVSCVSKAEADAVSLIVKNTVCTFLPDALVTITGGFRRGKNIGHDIDFLITNPGPREDDELLHKVIDLWKKQGLLLYCDIIESTFVKEQLPSRRVDAMDHFQKCFAILKLYQPRVDNSTCNTSKQLEMAEVKDWKAIRVDLVITPFEQYSYALLGWTGSRQFGRDLRRYAIHERKMILDNHGLYDRRKRIFLKAGSEEEIFAHLGLDYVEPWERNA
38,ref|XP_003479812.1| LOW QUALITY PROTEIN: DNA nucleotidylexotransferase [Cavia porcellus],78.62745098039215,cavia porcellus,MDLLQAPHSGPRKKRPRKAGALMVSGAHEVRFGDLVLFILEKKMGSTRRAFLMDLARSKGFRVEDELSDAVTHLVAENNSGNDVLEWLQVQNIQASSRLELLDVSWLIECMGAGKPVEMTRKHQLVVRRGSPASPNPDAQKTPSRSVQRISEYACQRRTTLNNCNYAFTNAFEILAENCEFKENEDSYVTYIRAASVLKSLPFTIISMKDTEGIPCLGDRVKCIIEEIIEDGESSEVNAVLNDERYKSFKLFTSVFGVGLKTSEKWFRMGFRSLNKIKSDKSLKFTRMQKAGFLYYEDLVSCVTRAEAEAVSTLVKEAVWAFLPGAFISMTGGFRRGKEIGHDVDFLITSPEITEDEEQQVLHKVINLWENKGLLLYSDLVESTFEKLKLPSRKVDALDHFQKCFLILKLHHQREDNEKSSQQEEKTWKAIRVDLVMCPYERRAFALLGWTGSRQFERDLRRYATHERKMMLDNHALYDKTKRIFLKAESEEEIFAHLGLDYIEPWERNA
39,ref|XP_039728365.1| DNA nucleotidylexotransferase [Pteropus giganteus],79.41176470588235,pteropus giganteus,MDLLHMAYSGPRKKKPRQMGASMASSPHDVKFQDLVLFILEKKMGTTRRAFLMELARRKGFRVENELSDSVTHIVAENNSGSEVLEWLKVQNIKTSSQLQLLDISWLIECMGAGKPVEMTGKHQLVVRRDYSASSNTEPQKTPTLVKKISQYACQRRTTLNNCNHVFTDAFEVLAENCEFRENEVFYLVFMRAASVLKSLPFTITSMKDTEGIPCLGDKAKYIIEEIIEDGESSEVKAVLNDERYQSFKLFTSVFGVGLKTSEKWFRMGFRSLSKIRSDKTLKFTQMQKAGFLYYDDLVSCVTRAEAEAVSVLVKEAVSAFLPDASVTVTGGFRRGKKIGHDVDFLISSPGSTEEDEQQLLPKVINLWERKGLILYYDLAESTFEKLKLPSRKVDALDHFQKCFLILKLYHQRVESDNSSQQEGKTWKAIRVDLVVCPYECHAFALLGWTGSRQFERDLRRYATHERKMILDNHALYDKTKRVFLKAESEEEIFAHLGLDYIDPWERNA
40,gb|OWK07818.1| DNTT [Cervus elaphus hippelaphus],70.3921568627451,cervus elaphus hippelaphus,GPRKKRPRQVGASMASPPHDIKFQNLVLFILKKKMGTTRRNFLMELARRKGFRVENEISASVTHIVAENNSGSEVLEWLQVQNIRASSQLELLDVSWLIESMGAGKPVRTDYSATPNPDFQKTPPLAVKKISQYACQRRTTLNNYNHIFTDAFEILAENSEFKENEDSYVTFMRAASVLKSLPFTIISMKDTEGIPCLGDKVKCIIEEIIEDGESSEVKAVLNDERYQGPVISHGTCPFLHSPVYGLSGFLYYEDLVSCVTRAEAEAVGVLVKEAVWAFLPDAFITMTGGFRRGKKIGHDVDFLITSPGSAEDEEQVLPKVINLWEKKGLLLYYDLVESTFEKFKLPSRQVDTLDHFQKCFLIFKLHHQRVDSGKSNQQEGKTWKAIRVDLVMCPYENRAFALLGWTGSRQFERDIRRYATHERKMMLDNHALYDKTKRIFLKAESEEEIFAHLGLDYIEPWERNA
41,"ref|XP_020030674.1| LOW QUALITY PROTEIN: DNA nucleotidylexotransferase, partial [Castor canadensis]",72.74509803921568,castor canadensis,MDPLQTVHLGPRKKRPRQTSALVASTPHDIRFQGLVLFILEKKMGTTRRAFLTELARKKGFRVENELSDSVTHIVAENNSGSDVLEWLQLQNIKASSQLELLDVSWLIECMRAGNPVQMTGKHQLVMRQDYLPNPIPDPQKTPSLAVQKISQYACQRRTTXNNNNHIFTDAFDILAENSEFRENECSCLAFMRAASVLKSLPFTISSMRDTEGIPCLGDKVKCIMEEIIEDGESSDVNAVLNDERYKSFKLFTSVFGVGLKTSERWFRMGFRTLNKIRSDKSLKFTRMQKAGFLYYEDLVSCVTRAEAEAVSMLVKEAVWAFLPNALVTITGGFRRGKKIGHDVDFLITSQEATEEEEQQLLHKVTKLWEKKGLLLYCDLVESTFEKFKLPSRKVDALDHFQKCFLILKLHHQRVDSDKCSQQEEKTWKAIRVDLVMCPYERRAFALLGWTGSR
42,ref|XP_038295604.1| DNA nucleotidylexotransferase isoform X4 [Canis lupus familiaris] >ref|XP_038316660.1| DNA nucleotidylexotransferase isoform X4 [Canis lupus familiaris],70.19607843137254,canis lupus familiaris,SDSITHIVAENNSGSDVLEWLQVQNIKASSQLELLDISWLIESMGAGKPVEMTGKHQLMRRDYTASPNPELQKTLPVAVKKISQYACQRRTTLNNYNNVFTDAFEVLAENYEFRENEVFSLTFMRAASVLKSLPFTIISMKDTEGIPCLGDQVKCIIEEIIEDGESSEVKAVLNDERYQSFKLFTSVFGVGLKTSEKWFRMGFRTLSKIKSDKSLKFTPMQKAGFLYYEDLVSCVTRAEAEAVGVLVKEAVGAFLPDAFVTMTGGFRRGKKMGHDVDFLITSPGSTDEDEEQLLPKVINLWERKGLLLYCDLVESTFEKLKLPSRKVDALDHFQKCFLILKLHHQRVDGGKCSQQEGKTWKAIRVDLVMCPYERRAFALLGWTGSRQFERDLRRYASHERKMILDNHALYDKTKKIFLKAESEEEIFAHLGLDYIEPWERNA
43,ref|XP_007456248.1| PREDICTED: DNA nucleotidylexotransferase isoform X1 [Lipotes vexillifer],79.80392156862746,lipotes vexillifer,MDPLHVAPSGPRKKRPRQVGASMASPSYDIKFGDLVLFILEKKMGTTRRTFLMELARRKGFSVENELSDSVTHIVAENNSGSEVLDWLQVQNVRASSQLELLDVSWLIESMGAGKPVEITEKHQLVVRTDYSATPNPSFQKTPPLAVKKISQYACQRRTTLNNWNHVFTDAFEVLAENYEFKENEVSCLEFTRAASVLKSLPFTIISMRDTEGIPCLGDKVKCVIEEIIEDGESSEVKAVLNDERYQSFKLFTSVFGVGLKTSEKWFRMGFRSLSKIRSDKTLKFTRMQKAGFLYYEDLVSCVTRAEAEAVGVLVKEAVWAFMPDAFVTMTGGFRRRKKTGHDVDFLITSPGSTEDEEQQLLPKVINFWERKGLLLYCDLVESTFEKFKVPSRQVDALDHFQKCFLILKLHHQRVDGDKSIQQEGKTWKAIRVDLVMCPYEQYAFALLGWTGSRQFERDLRRYATHDRKMMLDNHALYDKTKRIFLKAESEEEIFAHLGLDYIEPWERNA
44,ref|XP_036994738.2| DNA nucleotidylexotransferase isoform X1 [Artibeus jamaicensis],79.80392156862746,artibeus jamaicensis,MDSLRMAHVGPRKKRPRQMGASMASPPHDVRFRDLVLFILEKKMGTTRRAFLMELARRKGFRVENELSDSVTHIVAENNSGAEVLEWLQVQNVKASPQLELVDVSWLTECMRAGKPVLMTGKHQLVVGRDLASSPSPELQETPPLAVKISTYACQRRTTLNNCNPRLTDAFDILAENYEFRENEDSCVIFMRAASVLKSLPFTIVSIKDTEGIPCLGEKEKSIIEEILEDGESSEVKAVLNDERYQSFKLFTSVFGVGLKTSEKWFRMGFRTLSKIRSDKTLKFTQMQKAGFLYYEDLVSCVTRAEAEAVNVLVKEAVWAFLPDAFVTMTGGFRRGKKIGHDVDFLITSPGCTEEEEERLLPKVINLWERKGLLLYCDLMDSTFEKLKLPSRKVDALDHFQKCFLILKLHHQRVDGGEFSQQEGKTWKAIRVDLVMCPYERRAFALLGWTGSRQFERDLRRYATHERKMILDNHALYDKTKRVFLEAESEEDIFAHLGLDYIDPWERNA
45,ref|XP_010969428.1| DNA nucleotidylexotransferase isoform X2 [Camelus bactrianus],79.6078431372549,camelus bactrianus,MDPQQMAPSGPRKKRPRQVGASVASPPHDIKFQDLVLFILEKKMGTTRRTFLMELARRKGFRVENELSDSVTHIVAENNSGSEILEWLQVQNIKASSQLELLDVSWLIESMEAGKPVEMTGKHQLVVKTDCSGSHNPSFQKTPPLAVKKISQYACQRRTTLNNCNHMFTDAFEVLAENYEFRENEIFSVTFLRAASVLKSLPFTIISMKDTEGIPCLENKVKCIIEEIIEDGESSEVKAVLNDERYQSFKLFTSVFGVGLKTSEKWFRMGFRTLSKIRSDETLKFTRMQKAGFLYYEDLVSCVTRAEAEAVSVLVKEAVWAFLPDAFVTMTGGFRRGKQIGHDVDFLITSPGTTEAEEEQLLPKVINLWERKELLLYCDLVESTFEKSKLPSRKVDALDHFQKCFLILKLHHQLVDSGLSSRQEGKTWKAIRVDLVMCPYEHRAFALLGWTGSRFERDLRRYATHERKMILDNHALYDKTKRIFLKAESEEEIFAHLGLDYIEPWERNA
46,ref|XP_004580073.1| DNA nucleotidylexotransferase isoform X1 [Ochotona princeps],76.86274509803923,ochotona princeps,MDSLQTGHLGPRKKRSRQTDAARTSIPQEVKFQDLVLFILEKKMGSTRRAFLMELARSKGFRVENELSDSVTHIVAENNSGSDVLEWLQVQKLKDSSQLELLDVSWLIECMRAGKPVATTGKHQLVMREEYSANPSPGPQATPAVYKISQYACQRRTTLNNHNHIFTDAFEILAENYEFKENEGCYVTYMRAASVLKSLPFTIVSMKDTEGIPCLEDKVKSIMEEIIEEGESSEVKAVLSDERYQCFKLFTSVFGVGLKTSEKWFRMGFRSLSNIRLDKSLKFTQMQKAGFRYYEDIVSCVTRAEAEAVDVLVNEAVRAFLPDAFITMTGGFRRGKKIGHDVDFLITSPELTEEDEQQLLHKVMNLWEKKGLLLYHDLVESTFEKLKQPSRKVDALDHFQKCFLIFKLYHERVGGDRCRQPEGKDWKAIRVDLVMCPYECHAFALLGWTGSRQFERDLRRYASHERKMILDNHALYDKTKRVFLQAENEEEIFAHLGLDYIEPWERNA
47,ref|XP_022267579.1| DNA nucleotidylexotransferase isoform X3 [Canis lupus familiaris] >ref|XP_025322531.1| DNA nucleotidylexotransferase isoform X3 [Canis lupus dingo] >ref|XP_038295603.1| DNA nucleotidylexotransferase isoform X3 [Canis lupus familiaris],70.19607843137254,canis lupus familiaris,ETGACDSITHIVAENNSGSDVLEWLQVQNIKASSQLELLDISWLIESMGAGKPVEMTGKHQLMRRDYTASPNPELQKTLPVAVKKISQYACQRRTTLNNYNNVFTDAFEVLAENYEFRENEVFSLTFMRAASVLKSLPFTIISMKDTEGIPCLGDQVKCIIEEIIEDGESSEVKAVLNDERYQSFKLFTSVFGVGLKTSEKWFRMGFRTLSKIKSDKSLKFTPMQKAGFLYYEDLVSCVTRAEAEAVGVLVKEAVGAFLPDAFVTMTGGFRRGKKMGHDVDFLITSPGSTDEDEEQLLPKVINLWERKGLLLYCDLVESTFEKLKLPSRKVDALDHFQKCFLILKLHHQRVDGGKCSQQEGKTWKAIRVDLVMCPYERRAFALLGWTGSRQFERDLRRYASHERKMILDNHALYDKTKKIFLKAESEEEIFAHLGLDYIEPWERNA
48,ref|XP_023402638.1| DNA nucleotidylexotransferase [Loxodonta africana],79.41176470588235,loxodonta africana,MDPLQMAHTGPRKKRARPMGASMATTPQDIKFQDLVLFILEKKMGTSRRAFLMELARRKGFRVENELSDSVTHIVAENNSGSDVLEWLQVQKIKASSQLELLDVSWLIECMGAGKPVEMTGKHQLVVRGDYSASSNPSPQKTPPPAVKKISQYACQRRTTLNNHNNIFTDAFEILAENCEFRENEGSYVVFMRAASVLKSLPFTIISMKDTQGIPCLEDKAKCVIEDIIEDGESSEVKAVLNDERYKSFKLFTSVFGVGLKTSEKWFRMGFRSLSKIRTDKTLKFTEMQEAGFLYYEDLVSCVTKAEADAVSVLVKEAVWAFLPDAFVTMTGGFRRGKKVGHDVDFLITSQGSTEEEQQQLLHKVLNLWKKEGLLLYSDLIESTFEKLKLPSRKVDALDHFQKCFLILKLHHQRIDNSKSSQLQGKTWKAIRVDLVMCPYECHAFALLGWTGSRQFERDIRRYASHERKMILDNHALYDKTKRIFLKAGSEEEIFAHLGLDYIEPWERNA
49,ref|XP_018890506.1| DNA nucleotidylexotransferase isoform X3 [Gorilla gorilla gorilla],70.19607843137254,gorilla gorilla gorilla,SDSVTHIVAENNSGSDVLEWLQVQKIQVSSQPELLDVSWLVECIGAGKPVEMTGKHQLVVRRDYSDSTNPGPPKTPPIAVQKISQYACQRRTTLNNCNQIFTDAFDILAENCEFRENEDSCVTFMRAASVLKSLPFTIISMKDTEGIPCLGSKVKGIIEEIIEDGESSEVKAVLNDERYQSFKLFTSVFGVGLKTSEKWFRMGFRTLSKVRSDKSLKFTRMQKAGFLYYEDLVSCVTRAEAEAVSVLVKEAVWAFLPDAFVTMTGGFRRGKKMGHDVDFLITSPGSTEDEEQLLQKVMNLWENKGLLLYYDLVESTFEKLRLPSRKVDALDHFQKCFLIFKLPRQRVDSDQSSWQEGKTWKAIRVDLVLCPYERRAFALLGWTGSRQFERDLRRYATHERKMILDNHALYDKTKRIFLKAESEEEIFAHLGLDYIEPWERNA
50,ref|XP_009008327.1| DNA nucleotidylexotransferase isoform X2 [Callithrix jacchus],79.6078431372549,callithrix jacchus,MDPPRTSHLSPRKKRPRQTGALMASSPQDIKFQDLVIFILEKKMGTTRRAFLTELARRKGFRVENELSNSVTHIVAENNSGSDVLEWLQVQKIQASSRPELLDVSWLIECIGAGKPVEMTGKHQLVVGRDYSDSTNPGLLKTPPIAVQKISQYACQRRTTLNNFNQIFTDAFDILAENCEFRENEDSCVTFMRAASVLKSLPFTIISMKDTEGIPCLGSKVKGIIEEIIEDGESSEVKAVLNDERYQSFKLFTSVFGVGLKTSEKWFRMGFRTLSKVRSEKSLTFTRMQRAGFLYYEDLVSCVTRAEAEAVSVLVKEAVWAFLPDAFITMTGGFRRGKKMGHDVDFLITSPGSTEDEEQQLLQKVMNLWEKKGLLLYYDLVESTFEKLRLPSRKVDALDHFQKCFLIFKLPRQRLDSDQPSWQEGKTWKAIRVDLVMCPYERRAFALLGWTGSRFERDLRRYATHERKMILDNHALYDKTKRIFLKAESEEEIFTHLGLDYIEPWERNA
51,ref|XP_045883966.1| DNA nucleotidylexotransferase [Meles meles],79.2156862745098,meles meles,NPLQMVHLGPRKKRPRQMGASMVCPPHDIKFQDLVLYILEKKMGTTRRAFLMELARRKGFRVEDEFSDSITHIVAENNSGSEVLEWLQGQNPKASSQLELLDVSWLIESMAAGTPVETTGKHQLVKRDYSASPNPELQKTPPLVIKKISQYACQRRTTLNNCNQIFTDAFEVLAENYEFRENEVFCLAFMRAASVLKSLPFTIISMKDTEGIPCLEDKVKCVIEEIIEDGESSEVKAVLNDERYQSFKLFTSVFGVGLKTSEKWFRMGYRTLNKIKLDKTLKFTPMQKAGFLYYEDLVSCVTRAEAEAVGMLVKEAVWTFLPEAFVTMTGGFRRGKKIGHDVDFLITSPGSTDEDEEQLLPKVINLWERKGLLLYCDLVESTFEKLKLPSRKVDALDHFQKCFLILKLHHQRVDSGKYSQQEGKTWKAIRVDLVMCPYERRAFALLGWTGSRQFERDLRRYATHERKMILDNHALYDKTKKIFLKAESEEEIFAHLGLDYIEPWERNA
52,ref|XP_004580072.1| DNA nucleotidylexotransferase isoform X2 [Ochotona princeps],76.66666666666667,ochotona princeps,MDSLQTGHLGPRKKRSRQTDAARTSIPQEVKFQDLVLFILEKKMGSTRRAFLMELARSKGFRVENELSDSVTHIVAENNSGSDVLEWLQVQKLKDSSQLELLDVSWLIECMRAGKPVATTGKHQLVMREEYSANPSPGPQATPAVYKISQYACQRRTTLNNHNHIFTDAFEILAENYEFKENEGCYVTYMRAASVLKSLPFTIVSMKDTEGIPCLEDKVKSIMEEIIEEGESSEVKAVLSDERYQCFKLFTSVFGVGLKTSEKWFRMGFRSLSNIRLDKSLKFTQMQKAGFRYYEDIVSCVTRAEAEAVDVLVNEAVRAFLPDAFITMTGGFRRGKKIGHDVDFLITSPELTEEDEQQLLHKVMNLWEKKGLLLYHDLVESTFEKLKQPSRKVDALDHFQKCFLIFKLYHERVGGDRCRQPEGKDWKAIRVDLVMCPYECHAFALLGWTGSRFERDLRRYASHERKMILDNHALYDKTKRVFLQAENEEEIFAHLGLDYIEPWERNA
53,ref|XP_038599646.1| DNA nucleotidylexotransferase isoform X5 [Tachyglossus aculeatus],70.58823529411765,tachyglossus aculeatus,KKKRRMNALISPTLHEIKFNEFVLFILEKKMGTTRRAFLMELARRKGFRVESELSDSVTHIVAENNSCSDVLEWLAGQNVGDSSRFELLDISWLTECMKVGKPVEAIGKHQLVMPRNNSPYPTVGSQNTPPLATKEVSQYACKRRTTLNNCNQKFTDAFEILAKNFEFRENEGICLAFMRAISVLKCLPFTIVRMRDIEGVPWLGEQVKSIIEEIIEDGESSRVKAVLNDERYKSFLLFTSIFGVGLKTSEKWYRQGFRTLDEVKADKSLKLTKMQKAGFLYHEDLVSCVAKEEADAVYLIVKEAVRAFLPEALVTLTGGFRRGKKIGHDVDFLISDPESGEDEQLLPNVIKLWEKQELLLYYDLVESTFEKTKLPSRKVDAMDHFQKCFLILKLHHQKVDSNRSKPPPESKTHEAKNWKAIRVDLVMCPIQQYAYALLGWTGSRQFERDLRRYATHEKKMMLDNHALYDKTKKIFLKAESEEDIFTHLGLDYIEPWERNA
54,ref|XP_047559457.1| DNA nucleotidylexotransferase [Lutra lutra],78.43137254901961,lutra lutra,NPLQMVHLGPRKKRSRQMGASMVCPSHDVKFQDLVLYILEKKMGTTRRAFLMELARRKGFRVEDELSDSITHIVAENNSGSEVLEWLRGQNHKASSQLELLDVSWLIESMAAGTPVETTGKHQLVKRDNSASPNPELQKTPPLVVKKISQYACQRRTTLNNCNQIFTDAFEVLAENYEFRENEVFCLAFMRAASVLKSLPFTIISMKDTEGIPCLEDKVKCIIEEIIEDGESSEVKAVLNDERYQSFKLFTSVFGVGLKTSEKWFRMGYRTLNKIKLDKTLKFTPMQKAGFLYYEDLVSCVTREEAEAVDMLVKEAVWAFLPEAFVTMTGGFRRGKKIGHDVDFLITSPGSTDEDEEQLLPKVINLWERKGLLLYCDLVESTFEKLKLPSRKVDALDHFQKCFLILKLHHQRVDSGKCSQQEEKTWKAIRVDLVMCPYERRAFALLGWTGSRQFERDIRRYATHERKMILDNHALYDKTKKIFLKAESEEEIFAHLGLDYIEPWERNA
55,ref|XP_038965077.1| DNA nucleotidylexotransferase isoform X1 [Rattus norvegicus],79.01960784313725,rattus norvegicus,SDSVTHIVAENNSGSDVLEWLQLQNIKASSEFELLDISWLIECMGAGKPVEMAGRHQLVVRRNPSLSPVPGSQTVPPPPMQKISQYACQRRTTLNNHNQLFTDAFDILAENYEFRENEVSCLPFMRAASVLKSLSFPIVSMKDIEGIPCLGDKVKCVIEGIIEDGESSEVKAVLNDERYKSFKLFTSVFGVGLKTAEKWFRMGFRTLSKIKSDKSLRFTHMQKAGFLYYEDLVSCVNRAEAEAVSMLVKEAVVAFLPDALVTMTGGFRRGKMTGHDVDFLITSPEATEEEEQQLLHKVTNFWRQQGLLLYCDIIESTFEKFKLPSRKVDALDHFQKCFLILKLHRGLVRSEESGQQEGKDWKAIRVDLVMCPYERRAFALLGWTGSRQFERDLRRYATHERKMMLDNHALYDKTKRVFLEAESEEEIFAHLGLDYIEPWERNA
56,ref|XP_043331426.1| DNA nucleotidylexotransferase isoform X2 [Cervus canadensis],79.01960784313725,cervus canadensis,MDPLCTASSGPRKKRPRQVGASMASPPHDIKFQNLVLFILEKKMGTTRRNFLMELARRKGFRVENEISASVTHIVAENNSGSEVLEWLQVQNIRASSQLELLDVSWLIESMGAGKPVEITGKHQLVVRTDYSATPNPDFQKTPPLAVKKISQYACQRRTTLNNYNHIFTDAFEILAENSEFKENEDSYVTFMRAASVLKSLPFTIISMKDTEGIPCLGDKVKCIIEEIIEDGESSEVKAVLNDERYQSFKLFTSVFGVGLKTSERWFRMGFRSLSKIMSDKTLTFTKMQKAGFLYYEDLVSCVTRAEAEAVGVLVKEAVWAFLPDAFITMTGGFRRGKKIGHDVDFLITSPGSAEDEEQVLPKVINLWEKKGLLLYYDLVESTFEKFKLPSKQVDTLDHFQKCFLIFKLHHQRVDSGKSNQQEGKSWKAIRVDLVMCPYENRAFALLGWTGSRFERDIRRYATHERKMMLDNHALYDKTKRIFLKAESEEEIFAHLGLDYIEPWERNA
57,ref|XP_038167468.1| DNA nucleotidylexotransferase isoform X1 [Arvicola amphibius],87.25490196078431,arvicola amphibius,MDPLQAAHLGPRKKRPRQTGTSVATTSHDIRFQDLVLFILEKRMGTTRRAFLMELARKKGFRVESELSDSVTHIVAENNSGSDVLEWLQLQNVQASSELELLDVSWLIECMGAGKPVEMTGKHQLVVRRDSSLSHAPDSQNIPPPTEQKISQYACQRKTTLDNCNRVFTDAFDILAENYELRENEGSCVTFMRASAVLKSLPFPIISMKDTEGIPCLGDKVKCIIEGIIEDGESSEVNAVLNDERYKSFKLFTSVFGVGLKTAEKWFQMGFRTLSKIKSDKSLRFTRMQKAGFLYYEDLVSCVNRAEAEATSVLVKEAVAAFLPDALVTMTGGFRRGKMTGHDVDFLITSPGATEEEEQQLLHKVTDLWGQQGLLLYCDLIESTFEKFKLPSRKVDALDHFQKCFLILKLHHQRVGSGKSSQQEGKDWKAIRVDLVMCPYDRRAFALLGWTGSRQFERDLRRYASHERKMILDNHALYDKTKRVFLEADSEEEIFAHLGLDYIEPWERNA
58,ref|XP_008057296.1| DNA nucleotidylexotransferase isoform X2 [Carlito syrichta],81.56862745098039,carlito syrichta,MDPPPGWLSGPRKKKPRLTGALVASSPQDVKFQDLVLFILEKKMGTTRRAFLMELARRKGFRVENELSDSVTHIVAENNSGSDVLEWLQIQKIKASSQLELLDVSWLIECMRAGKPVEMTGEHQLVVSRDCSACPSSGPQKAPPLAVQKISQYACQRRTTLNNHNQIFTDAFDILAENDEFRENEGPCLTFMRAASVLKSLPFTIISMKDIEGIPCLGDRVKSIIEEIIEDGESSAVKAVLNDERYKSFKLFTSVFGVGLKTSEKWFRMGFRTLSNIRSDKSLTFTRMQRAGFLYYEDLVSRVTRAEAEAVGVLVKEAVWASLPDAFVTMTGGFRRGKKTGHDVDFLITSPGATEEEEQQLLHKVISLWEHKGLLLYYDLVESTFEKLKLPSRKVDALDHFQKCFLILKLHHQRVDSDQSSWQEGKTWKAIRVDLVVCPYERRAFALLGWTGSRFERDLRRYATHERKMIIDNHALYDKTKRIFLEAESEEEIFAHLGLDYIEPWERNA
59,ref|XP_032985975.1| DNA nucleotidylexotransferase isoform X1 [Rhinolophus ferrumequinum],80.58823529411765,rhinolophus ferrumequinum,MDTMPMARMGPRKKKPRQMGASMASPAHDIKFRDLVLYILERKMGTTRRAFLMELARRKGFRVENELSDSVTHIVAENNSGSDVLEWLQVQNIKASSQLELLDVSWLIECIGAGKPVEMTGKHQLVARRDFSASSNPEPQKIPPLAVQKISPYACQRRTTLNNCNHIFTDAFEVLAENYEFRENEGCCLAFMRAASVLKSLPFTIISMKDTEGIPCLGDKVKCIIEEIIEDGQSSEVKAVLNDERYQSFKLFTSVFGVGLKTSEKWFRMGFRNLSNIRSDKTLKFTRMQKAGFLYYEDLVSCVTRAEAEAVSVLVNEAVWAFLPDASVTMTGGFRRGKKIGHDVDFLITSPESTEEDEQQLLPKVINLWERKGLLLYYDLMESTFEKFKLPSRKVDALDHFQKCFLILKLHHQRVDSGKSGQQEGKTWKAIRVDLVMCPYECRAYALLGWTGSRQFERDLRRYATHERKMILDNHALYDKTKRIFLKAESEEEIFAHLGLDYIDPWERNA
60,ref|XP_010387896.2| DNA nucleotidylexotransferase isoform X1 [Rhinopithecus roxellana] >ref|XP_017735320.1| PREDICTED: DNA nucleotidylexotransferase isoform X1 [Rhinopithecus bieti],80.98039215686275,rhinopithecus bieti,MDPPRASHLSPRKKRPRQTGALMASSPQDIKFQDLVVFILEKKMGTTRRAFLMELARRKGFRVENELSDSVTHIVAENNSGSDVLEWLQVQKIQVSSQPELLDVSWLIECIGAGKPVEMTGKHQLVVRRDYSDSTNPGLPKTPPTAVQKISQYACQRRTTLNNYNQIFTDAFDILAENCEFRENEDSCVTFMRAASVLKSLPFTIISMKDTEGIPCLGSKVKCIIEEIIEDGESSEVKAVLNDERYQSFKLFTSVFGVGLKTSEKWFRMGFRTLSKVRSDESLKFTRMQRAGFLYYEDLVSCVTRAEAEAVSALVKEAVWAFLPDAFVTMTGGFRRGKKMGHDVDFLITSPGSTEDEEQQLLQKVMNLWEKKGLLLYYDLVESTFEKLRVPSRKVDALDHFQKCFLIFKLPLQRVDSDQSSWQGKTWKAIRVDLVMCPYERRAFALLGWTGSRQFERDLRRYATHERKMILDNHALYDKTKRIFLKAESEEEIFAHLGLDYIEPWERNA
61,ref|XP_042141446.1| DNA nucleotidylexotransferase [Peromyscus maniculatus bairdii],82.15686274509804,peromyscus maniculatus bairdii,MDPLQAVHLGPRKKRPRQMGTSVATTSHDIRFRDLVLFILEKRMGTTRRAFLMELARRKGFRVESELSDSVTHIVAENNSGSDVLEWLHLQNIKASSQLELLDVSWLIECMRAGKPVEMTGRHQLVVRRNSSPSHAPGSQNTQAPPPTAPKISQYACQRKTTLNNCNRVFTDAFDILAENYEFRENEGCYVAFMRAAAVLKSLPFPIITMKDTEGIPCLGDKVKCIIEGIIEDGESSEVKAVLNDERYKSFKLFTSVFGVGLKTAEKWFRMGFRTLSKIKSDKSLRFTRMQKAGFLYYEDLVSCVSRAEAEAISVLVKEAVTAFLPDALVTITGGFRSTQKEHSSRSFGKFRIESPKSAPICYQPRGLLLYCDLIESTFEKFKLPSRKVDALDHFQKCFLILKLYHQRVDGGVKSSQQGGKGWKAIRVDLVMCPYDRRAFALLGWTGSRQFERDLRRYATHERKMMLDNHALYDKTKRVFLEADSEEEIFAHLGLDYIEPQERNA
62,ref|XP_003825458.1| DNA nucleotidylexotransferase [Pan paniscus],80.58823529411765,pan paniscus,MDPPRASHLSPRKKRPRQTGALMASSLQDIKFQDLVIFILEKKMGTTRRAFLMELARRKGFRVENELSDSVTHIVAENNSGSDVLEWLQVQKIQVSSQPELLDVSWLIECIGAGKPVEMTGKHQLVVRRDYSDSTNPGPPKTPPIAVQKISQYACQRRTTLNNCNQIFTDAFDILAENCEFRENEDSCVTFMRAASVLKSLPFTIISMKDTEGIPCLGSKVKGIIEEIIEDGESSEVKAVLNDERYQSFKLFTSVFGVGLKTSEKWFRMGFRTLSKVRSDKSLKFTRMQKAGFLYYEDLVSCVTRAEAEAVSVLVKEAVWAFLPDAFITMTGGFRRGKKMGHDVDFLITSPGSTEDEEQLLQKVMNLWEKKGLLLYYDLVESTFEKLRLPSRKVDALDHFQKCFLIFKLPRQRVDSDQSSWQEGKTWKAIRVDLVLCPYERRAFALLGWTGSRQFERDLRRYATHERKMILDNHALYDKTKRIFLKAESEEEIFAHLGLDYIEPWERNA
63,ref|XP_011855537.1| PREDICTED: DNA nucleotidylexotransferase isoform X2 [Mandrillus leucophaeus],80.19607843137256,mandrillus leucophaeus,MDPPQTSHLSPRKKRPRQTGALMASSPQDIKFQDLVVFILEKKMGTTRRTFLMELARRKGFRVENELSDSVTHIVAENNSGSDVLEWLQVQKIQVSSQPELLDVSWLIECIGAGKPVEMTGKHQLVVRRDYSDSTNPGPPKTLPTAVQKISQYACQRRTTLNNCNQIFTDAFDILAENCEFRENEDSCVTFMRAASVLKSLPFTIISMKDTEGIPCLGSKVKCIIEEIIEDGESSEVKAVLNDERYQSFKLFTSVFGVGLKTSEKWFRMGFRTLSKVRSDESLKFTRMQRAGFLYYEDLVSCVTRAEAEAVSVLVKEAVRAFLPDAFVTMTGGFRRGKKMGHDVDFLITSPGSTEDEEQQLLQKVMNLWEKKGLVLYYDLVESTFEKLRLPSRKVDALDHFQKCFLIFKLPLQRVDSDQSSWQEGKTWKAIRVDLVMCPYERRAFALLGWTGSRFERDLRRYATHERKMILDNHALYDKTKRIFLKAESEEEIFAHLGLDYIEPWERNA
64,ref|XP_005566135.1| DNA nucleotidylexotransferase isoform X4 [Macaca fascicularis] >ref|XP_011734120.1| DNA nucleotidylexotransferase isoform X2 [Macaca nemestrina] >ref|XP_015003257.1| DNA nucleotidylexotransferase isoform X1 [Macaca mulatta] >ref|XP_050658859.1| DNA nucleotidylexotransferase isoform X2 [Macaca thibetana thibetana],80.3921568627451,macaca thibetana thibetana,MDPPQTSPLSPRKKRPRQTGALMASSPQDIKFQDLVVFILEKKMGTTRRAFLMELARRKGFRVENELSDSVTHIVAENNSGSDVLEWLQVQKIQVSSQPELLDVSWLIECIGAGKPVEMTGKHQLVVRRDYSDSTNPGPPKTLPTAVQKISQYACQRRTTLNNCNQIFTDAFDILAENCEFRENEDSCVTFMRAASVLKSLPFTIISMKDTEGIPCLGSKVKCIIEEIIEDGESSEVKAVLNDERYQSFKLFTSVFGVGLKTSEKWFRMGFRTLSKVRSDESLKFTRMQRAGFLYYEDLVSCVTRAEAEAVSVLVKEAVQAFLPDAFVTMTGGFRRGKKMGHDVDFLITSPGSTEDEEQQLLQKVMNLWEKKGLLLYYDLVESTFEKLRLPSRKVDALDHFQKCFLIFKLPLQRVDSDQSSWQEGKTWKAIRVDLVMCPYERRAFALLGWTGSRFERDLRRYATHERKMILDNHALYDKTKRIFLKAESEEEIFAHLGLDYIEPWERNA
65,ref|XP_005898905.1| PREDICTED: DNA nucleotidylexotransferase isoform X1 [Bos mutus],80.19607843137256,bos mutus,MDPLCTASSGPRKKRPRQVGASMASPPHDIKFQNLALFILEKKMGTTRRNFLMELARRKGFRVENELSDSVTHIVAENNSGSEVLEWLQVQNIRASSQLELLDVSWLIESMGAGKPVEITGKHQLVVRTDYSATPNPGFQKTPPLAVKKISQYACQRKTTLNNQNHIFTDAFEILAENSEFKENEVSYVTFMRAASVLKSLPFTIISMKDTEGIPCLGDKVKCIIEEIIEDGESSEVKAVLNDEQYQSFKLFTSVFGVGLKTSEKWFRMGFRSLSKIMSDKTLKFTKMQKAGFLYYEDLVSCVTRAEAEAVGVLVKEAVWAFLPDAFVTMTGGFRRGKKIGHDVDFLITSPGSAEDEEQLLPKVINLWEKKGLLLYYDLVESTFEKFKLPSRQVDTLDHFQKCFLILKLHHQRVDSSKSNQQEGKTWKAIRVDLVMCPYENRAFALLGWTGSRQFERDIRRYATHERKMMLDNHALYDKTKRVFLKAESEEEIFAHLGLDYIEPWERNA
66,"gb|EDL94195.1| deoxynucleotidyltransferase, terminal, partial [Rattus norvegicus]",85.88235294117646,rattus norvegicus,MDPLQAVHLGPRKKRPRQTGASGASTPHDIRFRDLVLFILEKKMGTTRRAFLMELARRKGFRVENELSDSVTHIVAENNSGSDVLEWLQLQNIKASSEFELLDISWLIECMGAGKPVEMAGRHQLVVRRNPSLSPVPGSQTVPPPPMQKISQYACQRRTTLNNHNQLFTDAFDILAENYEFRENEVSCLPFMRAASVLKSLSFPIVSMKDIEGIPCLGDKVKCVIEGIIEDGESSEVKAVLNDERYKSFKLFTSVFGVGLKTAEKWFRMGFRTLSKIKSDKSLRFTHMQKAGFLYYEDLVSCVNRAEAEAVSMLVKEAVVAFLPDALVTMTGGFRRGKMTGHDVDFLITSPEATEEEEQQLLHKVTNFWRQQGLLLYCDIIESTFEKFKLPSRKVDALDHFQKCFLILKLHRGLVRSEESGQQEGKDWKAIRVDLVMCPYERRAFALLGWTGSRQFERDLRRYATHERKMMLDNHALYDKTKRL
67,ref|XP_010831332.1| PREDICTED: DNA nucleotidylexotransferase isoform X1 [Bison bison bison] >ref|XP_027384838.1| DNA nucleotidylexotransferase [Bos indicus x Bos taurus] >sp|P06526.2| RecName: Full=DNA nucleotidylexotransferase; AltName: Full=Terminal addition enzyme; AltName: Full=Terminal deoxynucleotidyltransferase; Short=TDT; Short=Terminal transferase [Bos taurus] >gb|AAI14821.1| DNTT protein [Bos taurus],80.7843137254902,bos taurus,MDPLCTASSGPRKKRPRQVGASMASPPHDIKFQNLVLFILEKKMGTTRRNFLMELARRKGFRVENELSDSVTHIVAENNSGSEVLEWLQVQNIRASSQLELLDVSWLIESMGAGKPVEITGKHQLVVRTDYSATPNPGFQKTPPLAVKKISQYACQRKTTLNNYNHIFTDAFEILAENSEFKENEVSYVTFMRAASVLKSLPFTIISMKDTEGIPCLGDKVKCIIEEIIEDGESSEVKAVLNDERYQSFKLFTSVFGVGLKTSEKWFRMGFRSLSKIMSDKTLKFTKMQKAGFLYYEDLVSCVTRAEAEAVGVLVKEAVWAFLPDAFVTMTGGFRRGKKIGHDVDFLITSPGSAEDEEQLLPKVINLWEKKGLLLYYDLVESTFEKFKLPSRQVDTLDHFQKCFLILKLHHQRVDSSKSNQQEGKTWKAIRVDLVMCPYENRAFALLGWTGSRQFERDIRRYATHERKMMLDNHALYDKTKRVFLKAESEEEIFAHLGLDYIEPWERNA
68,ref|XP_003133204.1| DNA nucleotidylexotransferase isoform X2 [Sus scrofa],80.58823529411765,sus scrofa,MDPPQTVPSSPRKKRPRQVGASMASPAHNIKFRELVLFILEKKMGTTRRTFLMELARRKGFRVENELSDSVTHIVAENNSGSEVLEWLQAQKIRASSQLTLLDVSWLIESMGAGKPVEMTGKHQLVVRTDCSASPSPGSQNTLPPAVKKISQYACQRRTTLNNCNHIFTDAFEVLAENYEFRENETFCLAFMRAASVLKSLPFTIISMKDTEGIPCLGDKVKCVIEEIIEDGESSEVKAVLNDERYQSFKLFTSVFGVGLKTSERWFRMGFRSLSKIRSDKTLKFTRMQKAGFLYYEDLVSCVTRAEAEAVGVLVKEAVQAFLPDAFVTMTGGFRRGKKMGHDVDFLITSPGSTDDEEQQLLPKVVNLWEREGLLLYCDLVESTLEKSKLPSRNVDALDHFQKCFLILKLHHQRVDSGMSSQQEGKTWKAIRVDLVMCPYELRAFALLGWTGSRQFERDLRRYATHERKMILDNHALYDKTKRIFLKAESEEEIFAHLGLDYLEPWERNA
69,ref|XP_048308902.1| DNA nucleotidylexotransferase [Myodes glareolus],87.05882352941177,myodes glareolus,MDPLQAAHLGPRKKRPRQTGTSVATTSHDIRFRDLVLFILEKRMGTTRRAFLMELARRKGFRVESELSESVTHIVAENNSGSEVLEWLQLQNVKASSELELLDVSWLTECMGAGKPVEMSGKHQLVRRDSSPSHAPDSQNIPPPTEQKISQYACQRKTTLDNCNRVFTDAFDILAENSEFRENEGSCAAFMRASAVLKSLPFPIISMKDTEGIPCLGDKMKCIIEGIIEDGESSEVKAVLNDERYKSFKLFTSVFGVGLKTAEKWFRMGFRTLSKIKSDKSLQFTRMQKAGFLYYEDLVSCVHRAEAEATSVLVKETVAAFLPDALVTMTGGFRRGKMTGHDVDFLITSPGATEEEEQQLLHKVTDLWGQQGLLLYCDLIESTFEKFKLPSRKVDALDHFQKCFLILKLHHWRVGSGKSSQQEGKDWKAIRVDLVMCPYDRRAFALLGWTGSRQFERDLRRYATHERKMMLDNHALYDKTKRVFLEADSEEEIFANLGLDYIEPWERNA
70,"gb|ELR54173.1| DNA nucleotidylexotransferase, partial [Bos mutus]",80.19607843137256,bos mutus,MDPLCTASSGPRKKRPRQVGASMASPPHDIKFQNLALFILEKKMGTTRRNFLMELARRKGFRVENELSDSVTHIVAENNSGSEVLEWLQVQNIRASSQLELLDVSWLIESMGAGKPVEITGKHQLVVRTDYSATPNPGFQKTPPLAVKKISQYACQRKTTLNNQNHIFTDAFEILAENSEFKENEVSYVTFMRAASVLKSLPFTIISMKDTEGIPCLGDKVKCIIEEIIEDGESSEVKAVLNDEQYQSFKLFTSVFGVGLKTSEKWFRMGFRSLSKIMSDKTLKFTKMQKAGFLYYEDLVSCVTRAEAEAVGVLVKEAVWAFLPDAFVTMTGGFRRGKKIGHDVDFLITSPGSAEDEEQLLPKVINLWEKKGLLLYYDLVESTFEKFKLPSRQVDTLDHFQKCFLILKLHHQRVDSSKSNQQEGKTWKAIRVDLVMCPYENRAFALLGWTGSRQFERDIRRYATHERKMMLDNHALYDKTKRVFLKAESEEEIFAHLGLDYIEPWERNA
71,ref|XP_033043269.1| DNA nucleotidylexotransferase isoform X2 [Trachypithecus francoisi],80.3921568627451,trachypithecus francoisi,MDPPRASHLSPRKKRPRQTGALMASSPQDIKFQDLVVFILEKKMGTSRRAFLMELARRKGFRVENELSDSVTHIVAENNSGSDVLEWLQVQKIQVSSQPELLDVSWLIECIGAGKPVEMTGKHQLVVRRDYSDSSNPGLPKTPPTAVQKISQYACQRRTTLNNYNQIFTDAFDILAENCEFRENEDSCVTFMRAASVLKSLPFTIISMKDTEGIPCLGSKVKCIIEEIIEDGESSEVKAVLNDERYQSFKLFTSVFGVGLKTSEKWFRMGFRTLSKVRSDESLKFTRMQRAGFLYYEDLVSCVTRAEAEAVSALVKEAVWAFLPDAFVTMTGGFRRGKKMGHDVDFLITSPGSTEDEEQQLLQKVMNLWEKKGLLLYYDLVESTFEKLRVPSRKVDALDHFQKCFLIFKLPLQRVDSDQPSRQGKTWKAIRVDLVMCPYERRAFALLGWTGSRFERDLRRYATHERKMILDNHALYDKTKRIFLKAESEEEIFAHLGLDYIEPWERNA
72,"gb|AAH12920.1| Deoxynucleotidyltransferase, terminal [Homo sapiens] >gb|ABM82391.1| deoxynucleotidyltransferase, terminal [synthetic construct] >gb|ABM85571.1| deoxynucleotidyltransferase, terminal, partial [synthetic construct] >gb|EAW49979.1| deoxynucleotidyltransferase, terminal [Homo sapiens] >gb|KAI2556780.1| DNA nucleotidylexotransferase [Homo sapiens]",80.7843137254902,homo sapiens,MDPPRASHLSPRKKRPRQTGALMASSPQDIKFQDLVVFILEKKMGTTRRAFLMELARRKGFRVENELSDSVTHIVAENNSGSDVLEWLQAQKVQVSSQPELLDVSWLIECIGAGKPVEMTGKHQLVVRRDYSDSTNPGPPKTPPIAVQKISQYACQRRTTLNNCNQIFTDAFDILAENCEFRENEDSCVTFMRAASVLKSLPFTIISMKDTEGIPCLGSKVKGIIEEIIEDGESSEVKAVLNDERYQSFKLFTSVFGVGLKTSEKWFRMGFRTLSKVRSDKSLKFTRMQKAGFLYYEDLVSCVTRAEAEAVSVLVKEAVWAFLPDAFVTMTGGFRRGKKMGHDVDFLITSPGSTEDEEQLLQKVMNLWEKKGLLLYYDLVESTFEKLRLPSRKVDALDHFQKCFLIFKLPRQRVDSDQSSWQEGKTWKAIRVDLVLCPYERRAFALLGWTGSRQFERDLRRYATHERKMILDNHALYDKTKRIFLKAESEEEIFAHLGLDYIEPWERNA
73,ref|XP_044238495.1| DNA nucleotidylexotransferase isoform X2 [Ursus arctos],81.56862745098039,ursus arctos,MDPLQMVHSGPRKKRPRQMGTSMVSPPHDIKFQDLVLYILEKKMGTTRRAFLMELARRKGFRVENELSDSITHIVAENNSGSEVLEWLQVQNIKASSQLELLDVSWLIESMGAGKPVEMTGKHQLVSVRRDYSASPNPELQKTPPLAVKKISQYACQRRTTLNNCNHIFTDAFEVLAENYEFRENEVFCLAFMRAASVLKSLPFTIISMKDTEGIPCLGDKVKCVIEEIIEDGESSEVKAVLNDERYQSFKLFTSVFGVGLKTSEKWFRMGFRTLSKIKSDKTLKFTPMQKAGFLYYEDLVSCVTRAEAEAVGVLVKEAVWAFLPDAFVTMTGGFRRGKKIGHDVDFLITSPGSTDEDEEQLLPKVINLWERKGLLLYCDFVESTFEKLKIPSRKVDALDHFQKCFLILKLHHQRVDSGKCSQQDGKTWKAIRVDLVMCPYERRAFALLGWTGSRFERDLRRYATHERKMMLDNHALYDKTKKIFLKAESEEEIFAHLGLDYLEPWERNA
74,ref|XP_004838632.1| DNA nucleotidylexotransferase isoform X3 [Heterocephalus glaber],81.17647058823529,heterocephalus glaber,MDPLQTAHLGPRKKRPRQTGTLMASGPHNIRFGDLVLFILEKKMGTTRRAFLMELARKKGFRVENELSDSVTHIVAENNSGNDVLEWLQVQNIQASSQLELLDVSWLIECMGAGKPVEMTGRHQLVVNPPASPNPGPQKTPSLAVQKIPEYACQRRTTLDNCNYIFTNAFEILAEDCEFRENEGFYVTYMRAASVLKSLPFTIISMKDTEGIPCLGGRVKCIIEEIIEDGESSEVKAVLNNERYKSFKLFTSVFGVGLKTSEKWFRMGFRSLSKIRSDKSLTFTRMQKAGFLYYEDLVSCVTRAEAEAVNMLVKEAVWTFLPGAFISMTGGFRRGKEIGHDVDFLITSPEVTEDEEQQLLHKVINLWEKKGLLLYSDLVESTFEKLKLPSRKVDALDHFQKCFLILKLHHQRVDNDKSPQQGGKTWKAIRVDLVMCPYERRAFALLGWTGSRQFERDLRRYATHERKMILDNHALYDKTKKTFLKAESEEEIFTHLGLDYIEPWERNA
75,ref|XP_019494605.1| PREDICTED: DNA nucleotidylexotransferase isoform X2 [Hipposideros armiger],80.58823529411765,hipposideros armiger,MDPMQMAHMGPRKKKPRQMGASMASPPHDIKFQDLVLFILEKKMGTTRRAFLMELARRKGFRVENELSDSVTHIVAENTSGSDVLEWLQVQNIKASSQLEVLDVSWLIECIGAGKPVEMTGKHQLVVRRDYSASSNPEPRETPALAVKKISPYACQRRTTLNNCNHIFTDAFEVLAENYEFRENEGPCLTFMRAASVLKSLPFTIISMKDTEGIPCLGDKVRSIIEEIIEDGQSSEVEAVLNDERYQSFKLFTSVFGVGLKTSEKWFRMGFRTLSKIRSDKTLKFTRMQKAGFLYYEDLVSCVTRAEAEAVGVLVKEAVWAFLSDASITMTGGFRRGKKIGHDVDFLITSPGSTEEDEQQLLPKVINLWERKGLLLYYDLVESTFDKFKLPSRKVDALDHFQKCFLILKLHHQRVDSGKSGQQEGKTWKAIRVDLVMCPYECRAYALLGWTGSRFERDLRRYATHERKMILDNHALYDKTKRIFLKAESEEEIFAHLGLDYIDPWERNA
76,ref|XP_021007815.1| DNA nucleotidylexotransferase isoform X3 [Mus caroli],98.4313725490196,mus caroli,MDPLQAVHLGPRKKRPRQLGAPVASTPYDIRFRDLVLFILEKKMGTTRRAFLMELARRKGFRVENELSDSVTHIVAENNSGSDVLEWLQLQNIKASSELELLDISWLIECMGAGKPVEMMGRHQLVVKRNSSPSPVPGSQNVPAPAVQKISQYACQRRTTLNNYNQLFTDALDILAENDELRENEGSCLAFMRASSVLKSLPFPITSMKDTEGIPCLGDKVKSIIEGIIEDGESSEAKAVLNDERYKSFKLFTSVFGVGLKTAEKWFRMGFRTLSKIQSDKSLRFTQMQKAGFLYYEDLVSCVNRPEAEAVSLLVKEAVVTFLPGALVTMTGGFRRGKMTGHDVDFLITSPEATEDQEQQLLHKVTDFWKQQGLLLYCDILESTFEKFKQPSRKVDALDHFQKCFLILKLDRGRVHSEKSGQQEGKGWKAIRVDLVMCPYDRRAFALLGWTGSRFERDLRRYATHERKMMLDNHALYDRTKRVFLEAESEEEIFAHLGLDYIEPWERNA
77,ref|XP_032751389.1| DNA nucleotidylexotransferase isoform X2 [Rattus rattus],91.17647058823529,rattus rattus,MDPLQAVHLGPRKKRPRQTGASGASTSHDIRFRDLVLFILEKKMGTTRRAFLMELARRKGFRVENELSDSVTHIVAENNSGSDVLEWLQLQNIKASSEFELLDISWLIECMGAGKPVEMAGRHQLVVRRSPSLSPVPGSQTVLQPAVQKISQYACQRRTTLNNHNQLFTDAFDILAENYEFRENEVSCLPFMRAASVLKSLSFPIVSMKDTEGIPCLGDKVKSVIEGIIEDGESSEVKAVLNDERYKCFKLFTSVFGVGLKTAEKWFRMGFRTLSKIKSDKSLRFTQMQKAGFLYYEDLISCVNRAEAEAVSMLVKEAVVAFLPDALVTMTGGFRRGKMTGHDVDFLITSPEATEEEEQQLLHKVTNFWRQQGLLLYCDIIESTFEKFKLPSRKVDALDHFQKCFLILKLHRGLVRSEESGQQEGKDWKAIRVDLVMCPYERRAFALLGWTGSRQFERDLRRYATHERKMMLDNHALYDKTKRVFLEAESEEEIFAHLGLDYIEPWERNA
78,ref|XP_028631672.1| DNA nucleotidylexotransferase isoform X2 [Grammomys surdaster],90.98039215686275,grammomys surdaster,MDPLQAVHLSPRKKRPRQMGASGASTPHDVRFGDLVLFILEKKMGTTRRAFLMELARRKGFRVENELSDSVTHIVAENNSGSDVLEWLQLQNIKASSELELLDISWLVECLGAGKPVEMTGRHQLVVRRNSSLSPVPGSQNIPAPAVQKISQYACQRRTTLNNHNQVFTDAFDILAENDEFRENEGSCLAFMRAASVLKSLPFTIISVKDTEGIPFLGDKAKYVIEGIIEDGESSEAKAVLEDERYKSFKLFTSVFGVGLKTAEKWFRMGFKTLSEIKSDTSLRFTQMQKAGFLYYEDLISRVNRPEAEAVSVLVKEAVVAFLPDALVTMTGGFRRGKMTGHDVDFLITSPEATEEEEQQLLHKVTDFWRQQGLLLYCDIIESTFEKFKLPSRKVDALDHFQKCFLILKLHHERVHTEKSGQQEGKGWKAIRVDLVMCPYERRAFALLGWTGSRQFERDLRRYATHERKMMLDNHALYDKTKRVFLEAESEEEIFAHLGLDYIEPCERNA
79,emb|CAA27735.1| DNA nucleotidylexotransferase [Mus musculus],98.4313725490196,mus musculus,MDPLQAVHLGPRKKRPRQLGTPVASTPYDIRFRDLVLFILEKKMGTTRRAFLMELARRKGFRVENELSDSVTHIVAENNSGSDVLEWLQLQNIKASSELELLDISWLIECMGAGKPVEMMGRHQLVVNRNSSPSPVPGSQNVPAPAVKKISQYACQRRTTLNNYNQLFTDALDILAENDELRENEGSCLAFMGASSVLKSLPFPITSMKDTEGIPCLGDKVKSIIEGIIEDGESSEAKAVLNDERYKSFKLFTSVFGVGLKTAEKWFRMGFRTLSKIQSDKSLRFTKMQKAGFLYYEDLVSCVNRPEAQAVSMLVKEAVVTFLPDALVTMTGGFRRGKMTGHDVDFLITSPEATEDEEQQLLHKVTHFWKQQGLLLYCDILESTFEKFKQPSRKVDALDHFQKCFLILKLDHGRVHSEKSGQQEGKGWKAIRVDLVMCPYECACALLGWTGSRQFERDLRRYATHERKMMLDNHALYDRTKGKTVTISPLDGKVSKLQKALRVFLEAESEEEIFAHLGLDYIEPWERNA
80,ref|XP_021064395.1| DNA nucleotidylexotransferase isoform X1 [Mus pahari],95.09803921568627,mus pahari,LDPLQAVHLGPRKKRPRQLGASGASTPHDVRFRDLVLFILEKKMGTTRRAFLMELARRKGFRVENELSDLVTHIVAENNSGSDVLEWLQLQNIKASSELELLDISWLTECMGAGKPVEMMGRHRLVVKRNSSPSPVPGSQNVPAPAVQKISQYACQRRTTLNNYNQPFTDALDILAENDEFRENEVSCLAFMRAASVLKSLPFPITSMKDTEGIPCLGDKVKGIIEGIIEDGESSEAKAVLNDERYKSFKLFTSVFGVGLKTAEKWFRMGFRTLSTIQSDKSLKFTKMQKAGFLYYEDLVSCVNRPEAEAVSMLVKEAVVTFLPDALVTMTGGFRRGKMTGHDVDFLITSPEATEDEEQQLLYKVTDFWRQQGLLLYCDILESTFEKFKQPSRKVDALDHFQKCFLILKLHHGRVRREKSGQQEGKGWKAIRVDLVMCPYDRRAYALLGWTGSRQFERDLRRYATHERKMMLDNHALYDRTKGKTVTISPLDGKVSKLQKALRVFLEAESEEEIFAHLGLDYIEPWERNA
81,ref|XP_021007813.1| DNA nucleotidylexotransferase isoform X1 [Mus caroli],98.62745098039215,mus caroli,MDPLQAVHLGPRKKRPRQLGAPVASTPYDIRFRDLVLFILEKKMGTTRRAFLMELARRKGFRVENELSDSVTHIVAENNSGSDVLEWLQLQNIKASSELELLDISWLIECMGAGKPVEMMGRHQLVVKRNSSPSPVPGSQNVPAPAVQKISQYACQRRTTLNNYNQLFTDALDILAENDELRENEGSCLAFMRASSVLKSLPFPITSMKDTEGIPCLGDKVKSIIEGIIEDGESSEAKAVLNDERYKSFKLFTSVFGVGLKTAEKWFRMGFRTLSKIQSDKSLRFTQMQKAGFLYYEDLVSCVNRPEAEAVSLLVKEAVVTFLPGALVTMTGGFRRGKMTGHDVDFLITSPEATEDQEQQLLHKVTDFWKQQGLLLYCDILESTFEKFKQPSRKVDALDHFQKCFLILKLDRGRVHSEKSGQQEGKGWKAIRVDLVMCPYDRRAFALLGWTGSRQFERDLRRYATHERKMMLDNHALYDRTKGKTVTISPLDGKVSKLQKALRVFLEAESEEEIFAHLGLDYIEPWERNA
82,ref|XP_036017403.1| DNA nucleotidylexotransferase isoform X2 [Mus musculus],99.80392156862746,mus musculus,MDPLQAVHLGPRKKRPRQLGTPVASTPYDIRFRDLVLFILEKKMGTTRRAFLMELARRKGFRVENELSDSVTHIVAENNSGSDVLEWLQLQNIKASSELELLDISWLIECMGAGKPVEMMGRHQLVVNRNSSPSPVPGSQNVPAPAVKKISQYACQRRTTLNNYNQLFTDALDILAENDELRENEGSCLAFMRASSVLKSLPFPITSMKDTEGIPCLGDKVKSIIEGIIEDGESSEAKAVLNDERYKSFKLFTSVFGVGLKTAEKWFRMGFRTLSKIQSDKSLRFTQMQKAGFLYYEDLVSCVNRPEAEAVSMLVKEAVVTFLPDALVTMTGGFRRGKMTGHDVDFLITSPEATEDEEQQLLHKVTDFWKQQGLLLYCDILESTFEKFKQPSRKVDALDHFQKCFLILKLDHGRVHSEKSGQQEGKGWKAIRVDLVMCPYDRRAFALLGWTGSRFERDLRRYATHERKMMLDNHALYDRTKRVFLEAESEEEIFAHLGLDYIEPWERNA
83,ref|XP_052042043.1| DNA nucleotidylexotransferase isoform X1 [Apodemus sylvaticus],90.58823529411765,apodemus sylvaticus,MDSPQAVHLGPRKKRPRQMGSSGGSMPHDIRFRDLVLFILEKKMGTTRRAFLMELARRKGFRVENELSDSVTHIVAENNSASDVLEWLQLQNLRASSELQLLDISWLIDCMGAGKPVEMAGRHQLVVRRNSSLSPVSGSQSVPVPAVQKISQYACQRRTTLNNYNQLFTDAFDILAENDEFRENEGSCVAFMRAASVLKALPFPIISMKDTEGVPCLGDKVKSIIEGIIEDGESSEVKAVLNDERYKSFKLFTSVFGVGLKTAEKWFRMGFRTLSKIKSDKSLKFTHMQKAGFLYYEDLVSCVNRAEAEAVSVLVKEAVVTFLPDALVTMTGGFRRGKMTGHDVDFLITSPEATEDEEQQLLHKVTDFWRQQGLLLYCDLIESTFEKFKLPSRKVDALDHFQKCFLILKLHHGRVRGGEHGRVRGGEQSSQQEGKGWKAIRVDLVMCPYECRAFALLGWTGSRQFERDLRRYATHERKMMLDNHALYDKTKRVFLEAESEEDIFAHLGLDYIEPQERNA
84,ref|XP_052042050.1| DNA nucleotidylexotransferase isoform X2 [Apodemus sylvaticus],90.3921568627451,apodemus sylvaticus,MDSPQAVHLGPRKKRPRQMGSSGGSMPHDIRFRDLVLFILEKKMGTTRRAFLMELARRKGFRVENELSDSVTHIVAENNSASDVLEWLQLQNLRASSELQLLDISWLIDCMGAGKPVEMAGRHQLVVRRNSSLSPVSGSQSVPVPAVQKISQYACQRRTTLNNYNQLFTDAFDILAENDEFRENEGSCVAFMRAASVLKALPFPIISMKDTEGVPCLGDKVKSIIEGIIEDGESSEVKAVLNDERYKSFKLFTSVFGVGLKTAEKWFRMGFRTLSKIKSDKSLKFTHMQKAGFLYYEDLVSCVNRAEAEAVSVLVKEAVVTFLPDALVTMTGGFRRGKMTGHDVDFLITSPEATEDEEQQLLHKVTDFWRQQGLLLYCDLIESTFEKFKLPSRKVDALDHFQKCFLILKLHHGRVRGGEHGRVRGGEQSSQQEGKGWKAIRVDLVMCPYECRAFALLGWTGSRFERDLRRYATHERKMMLDNHALYDKTKRVFLEAESEEDIFAHLGLDYIEPQERNA
85,ref|XP_034376834.1| DNA nucleotidylexotransferase isoform X1 [Arvicanthis niloticus],91.17647058823529,arvicanthis niloticus,MDPLQAVHLSPRKKRPRQMGAPGASTPHDVRFGDLVLFILEKKMGTTRRAFLMELARRKGFRVENELSDSVTHIVAENNSGSDVLEWLQLQNIKASSEFKLLDISWLVECMGAGKPVEMTGRHQLVVRRNSSLSPVPGSQNIPAPAVHKISQYACQRRTTLNNYNQVFTDAFDILAENDEFRENEGSCLVFMRAASVLKSLPFPIISVKDTEGIPCLGDKAKCVIEGIIEDGESSEAKAVLNDNRYKSFKLFTSVFGVGLKTAEKWFRMGFKTLHEIKSDKSLRFTQMQKAGFLYYEDLISRVNRAEAEAVSVLVKEAVVTFLPDALVTMTGGFRRGKMTGHDVDFLITSPEATEEEEQQLLHKVTDFWRQQGLILYCDIIESTFEKFKLPSRKVDALDHFQKCFLILKLHHERVHTEKSGQQEGKGWKAIRVDLVMCPYERRAFALLGWTGSRQFERDLRRYATHERKMILDNHALYDKTKGKTDTFSPLNGKVSKLQKALRVFLEAESEEEIFAHLGLDYIEPWERNA
86,emb|CAA48634.2| deoxynucleotidyltransferase [Mus musculus],99.6078431372549,mus musculus,MDPLQAVHLGPRKKRPRQLGTPVASMPYDIRFRDLVLFILEKKMGTTRRAFLMELARRKGFRVENELSDSVTHIVAENNSGSDVLEWLQLQNIKASSEFELLDISWLIECMGAGKPVEMMGRHQLVVNRNSSPSPVPGSQNVPAPAVKKISQYACQRRTTLNNYNQLFTDALDILAENDELRENEGSCLAFMRASSVLKSLPFPITSMKDTEGIPCLGDKVKSIIEGIIEDGESSEAKAVLNDERYKSFKLFTSVFGVGLKTAEKWFRMGFRTLSKIQSDKSLRFTQMQKAGFLYYEDLVSCVNRPEAEAVSMLVKEAVVTFLPDALVTMTGGFRRGKMTGHDVDFLITSPEATEDEEQQLLHKVTDFWKQQGLLLYCDILESTFEKFKQPSRKVDALDHFQKCFLILKLDHGRVHSEKSGQQEGKGWKAIRVDLVMCPYDRRAFALLGWTGSRQFERDLRRYATHERKMMLDNHALYDRTKRVFLEAESEEEIFAHLGLDYIEPWERNA
87,ref|XP_028631680.1| DNA nucleotidylexotransferase isoform X3 [Grammomys surdaster],90.7843137254902,grammomys surdaster,MDPLQAVHLSPRKKRPRQMGASGASTPHDVRFGDLVLFILEKKMGTTRRAFLMELARRKGFRVENELSDSVTHIVAENNSGSDVLEWLQLQNIKASSELELLDISWLVECLGAGKPVEMTGRHQLVVRRNSSLSPVPGSQNIPAPAVQKISQYACQRRTTLNNHNQVFTDAFDILAENDEFRENEGSCLAFMRAASVLKSLPFTIISVKDTEGIPFLGDKAKYVIEGIIEDGESSEAKAVLEDERYKSFKLFTSVFGVGLKTAEKWFRMGFKTLSEIKSDTSLRFTQMQKAGFLYYEDLISRVNRPEAEAVSVLVKEAVVAFLPDALVTMTGGFRRGKMTGHDVDFLITSPEATEEEEQQLLHKVTDFWRQQGLLLYCDIIESTFEKFKLPSRKVDALDHFQKCFLILKLHHERVHTEKSGQQEGKGWKAIRVDLVMCPYERRAFALLGWTGSRFERDLRRYATHERKMMLDNHALYDKTKRVFLEAESEEEIFAHLGLDYIEPCERNA
88,"ref|NP_001012479.1| DNA nucleotidylexotransferase [Rattus norvegicus] >gb|AAH89904.1| Deoxynucleotidyltransferase, terminal [Rattus norvegicus]",91.17647058823529,rattus norvegicus,MDPLQAVHLGPRKKRPRQTGASGASTPHDIRFRDLVLFILEKKMGTTRRAFLMELARRKGFRVENELSDSVTHIVAENNSGSDVLEWLQLQNIKASSEFELLDISWLIECMGAGKPVEMAGRHQLVVRRNPSLSPVPGSQTVPPPLMQKISQYACQRRTTLNNHNQLFTDAFDILAENYEFRENEVSCLPFMRAASVLKSLSFPIVSMKDIEGIPCLGDKVKCVIEGIIEDGESSEVKAVLNDERYKSFKLFTSVFGVGLKTAEKWFRMGFRTLSKIKSDKSLRFTHMQKAGFLYYEDLVSCVNRAEAEAVSMLVKEAVVAFLPDALVTMTGGFRRGKMTGHDVDFLITSPEATEEEEQQLLHKVTNFWRQQGLLLYCDIIESTFEKFKLPSRKVDALDHFQKCFLILKLHRGLVRSEESGQQEGKDWKAIRVDLVMCPYERRAFALLGWTGSRQFERDLRRYATHERKMMLDNHALYDKTKRVFLEAESEEEIFAHLGLDYIEPWERNA
89,ref|XP_032751390.1| DNA nucleotidylexotransferase isoform X3 [Rattus rattus],90.98039215686275,rattus rattus,MDPLQAVHLGPRKKRPRQTGASGASTSHDIRFRDLVLFILEKKMGTTRRAFLMELARRKGFRVENELSDSVTHIVAENNSGSDVLEWLQLQNIKASSEFELLDISWLIECMGAGKPVEMAGRHQLVVRRSPSLSPVPGSQTVLQPAVQKISQYACQRRTTLNNHNQLFTDAFDILAENYEFRENEVSCLPFMRAASVLKSLSFPIVSMKDTEGIPCLGDKVKSVIEGIIEDGESSEVKAVLNDERYKCFKLFTSVFGVGLKTAEKWFRMGFRTLSKIKSDKSLRFTQMQKAGFLYYEDLISCVNRAEAEAVSMLVKEAVVAFLPDALVTMTGGFRRGKMTGHDVDFLITSPEATEEEEQQLLHKVTNFWRQQGLLLYCDIIESTFEKFKLPSRKVDALDHFQKCFLILKLHRGLVRSEESGQQEGKDWKAIRVDLVMCPYERRAFALLGWTGSRFERDLRRYATHERKMMLDNHALYDKTKRVFLEAESEEEIFAHLGLDYIEPWERNA
90,ref|XP_036017402.1| DNA nucleotidylexotransferase isoform X1 [Mus musculus],99.80392156862746,mus musculus,MDPLQAVHLGPRKKRPRQLGTPVASTPYDIRFRDLVLFILEKKMGTTRRAFLMELARRKGFRVENELSDSVTHIVAENNSGSDVLEWLQLQNIKASSELELLDISWLIECMGAGKPVEMMGRHQLVVNRNSSPSPVPGSQNVPAPAVKKISQYACQRRTTLNNYNQLFTDALDILAENDELRENEGSCLAFMRASSVLKSLPFPITSMKDTEGIPCLGDKVKSIIEGIIEDGESSEAKAVLNDERYKSFKLFTSVFGVGLKTAEKWFRMGFRTLSKIQSDKSLRFTQMQKAGFLYYEDLVSCVNRPEAEAVSMLVKEAVVTFLPDALVTMTGGFRRGKMTGHDVDFLITSPEATEDEEQQLLHKVTDFWKQQGLLLYCDILESTFEKFKQPSRKVDALDHFQKCFLILKLDHGRVHSEKSGQQEGKGWKAIRVDLVMCPYDRRAFALLGWTGSRFERDLRRYATHERKMMLDNHALYDRTKGKTVTISPLDGKVSKLQKALRVFLEAESEEEIFAHLGLDYIEPWERNA
91,ref|XP_021064401.1| DNA nucleotidylexotransferase isoform X2 [Mus pahari],95.09803921568627,mus pahari,LDPLQAVHLGPRKKRPRQLGASGASTPHDVRFRDLVLFILEKKMGTTRRAFLMELARRKGFRVENELSDLVTHIVAENNSGSDVLEWLQLQNIKASSELELLDISWLTECMGAGKPVEMMGRHRLVVKRNSSPSPVPGSQNVPAPAVQKISQYACQRRTTLNNYNQPFTDALDILAENDEFRENEVSCLAFMRAASVLKSLPFPITSMKDTEGIPCLGDKVKGIIEGIIEDGESSEAKAVLNDERYKSFKLFTSVFGVGLKTAEKWFRMGFRTLSTIQSDKSLKFTKMQKAGFLYYEDLVSCVNRPEAEAVSMLVKEAVVTFLPDALVTMTGGFRRGKMTGHDVDFLITSPEATEDEEQQLLYKVTDFWRQQGLLLYCDILESTFEKFKQPSRKVDALDHFQKCFLILKLHHGRVRREKSGQQEGKGWKAIRVDLVMCPYDRRAYALLGWTGSRQFERDLRRYATHERKMMLDNHALYDRTKRVFLEAESEEEIFAHLGLDYIEPWERNA
92,ref|XP_032751388.1| DNA nucleotidylexotransferase isoform X1 [Rattus rattus],91.17647058823529,rattus rattus,MDPLQAVHLGPRKKRPRQTGASGASTSHDIRFRDLVLFILEKKMGTTRRAFLMELARRKGFRVENELSDSVTHIVAENNSGSDVLEWLQLQNIKASSEFELLDISWLIECMGAGKPVEMAGRHQLVVRRSPSLSPVPGSQTVLQPAVQKISQYACQRRTTLNNHNQLFTDAFDILAENYEFRENEVSCLPFMRAASVLKSLSFPIVSMKDTEGIPCLGDKVKSVIEGIIEDGESSEVKAVLNDERYKCFKLFTSVFGVGLKTAEKWFRMGFRTLSKIKSDKSLRFTQMQKAGFLYYEDLISCVNRAEAEAVSMLVKEAVVAFLPDALVTMTGGFRRGKMTGHDVDFLITSPEATEEEEQQLLHKVTNFWRQQGLLLYCDIIESTFEKFKLPSRKVDALDHFQKCFLILKLHRGLVRSEESGQQEGKDWKAIRVDLVMCPYERRAFALLGWTGSRQFERDLRRYATHERKMMLDNHALYDKTKGKTVTVSPLYGKMSKPQEALRVFLEAESEEEIFAHLGLDYIEPWERNA
93,ref|XP_034376843.1| DNA nucleotidylexotransferase isoform X2 [Arvicanthis niloticus],91.17647058823529,arvicanthis niloticus,MDPLQAVHLSPRKKRPRQMGAPGASTPHDVRFGDLVLFILEKKMGTTRRAFLMELARRKGFRVENELSDSVTHIVAENNSGSDVLEWLQLQNIKASSEFKLLDISWLVECMGAGKPVEMTGRHQLVVRRNSSLSPVPGSQNIPAPAVHKISQYACQRRTTLNNYNQVFTDAFDILAENDEFRENEGSCLVFMRAASVLKSLPFPIISVKDTEGIPCLGDKAKCVIEGIIEDGESSEAKAVLNDNRYKSFKLFTSVFGVGLKTAEKWFRMGFKTLHEIKSDKSLRFTQMQKAGFLYYEDLISRVNRAEAEAVSVLVKEAVVTFLPDALVTMTGGFRRGKMTGHDVDFLITSPEATEEEEQQLLHKVTDFWRQQGLILYCDIIESTFEKFKLPSRKVDALDHFQKCFLILKLHHERVHTEKSGQQEGKGWKAIRVDLVMCPYERRAFALLGWTGSRQFERDLRRYATHERKMILDNHALYDKTKRVFLEAESEEEIFAHLGLDYIEPWERNA
94,ref|XP_028631661.1| DNA nucleotidylexotransferase isoform X1 [Grammomys surdaster],90.98039215686275,grammomys surdaster,MDPLQAVHLSPRKKRPRQMGASGASTPHDVRFGDLVLFILEKKMGTTRRAFLMELARRKGFRVENELSDSVTHIVAENNSGSDVLEWLQLQNIKASSELELLDISWLVECLGAGKPVEMTGRHQLVVRRNSSLSPVPGSQNIPAPAVQKISQYACQRRTTLNNHNQVFTDAFDILAENDEFRENEGSCLAFMRAASVLKSLPFTIISVKDTEGIPFLGDKAKYVIEGIIEDGESSEAKAVLEDERYKSFKLFTSVFGVGLKTAEKWFRMGFKTLSEIKSDTSLRFTQMQKAGFLYYEDLISRVNRPEAEAVSVLVKEAVVAFLPDALVTMTGGFRRGKMTGHDVDFLITSPEATEEEEQQLLHKVTDFWRQQGLLLYCDIIESTFEKFKLPSRKVDALDHFQKCFLILKLHHERVHTEKSGQQEGKGWKAIRVDLVMCPYERRAFALLGWTGSRQFERDLRRYATHERKMMLDNHALYDKTKGKTDTFSPLNGKVSKLQKILRVFLEAESEEEIFAHLGLDYIEPCERNA
95,Query,100.0,Query,MDPLQAVHLGPRKKRPRQLGTPVASTPYDIRFRDLVLFILEKKMGTTRRAFLMELARRKGFRVENELSDSVTHIVAENNSGSDVLEWLQLQNIKASSELELLDISWLIECMGAGKPVEMMGRHQLVVNRNSSPSPVPGSQNVPAPAVKKISQYACQRRTTLNNYNQLFTDALDILAENDELRENEGSCLAFMRASSVLKSLPFPITSMKDTEGIPCLGDKVKSIIEGIIEDGESSEAKAVLNDERYKSFKLFTSVFGVGLKTAEKWFRMGFRTLSKIQSDKSLRFTQMQKAGFLYYEDLVSCVNRPEAEAVSMLVKEAVVTFLPDALVTMTGGFRRGKMTGHDVDFLITSPEATEDEEQQLLHKVTDFWKQQGLLLYCDILESTFEKFKQPSRKVDALDHFQKCFLILKLDHGRVHSEKSGQQEGKGWKAIRVDLVMCPYDRRAFALLGWTGSRQFERDLRRYATHERKMMLDNHALYDRTKRVFLEAESEEEIFAHLGLDYIEPWERNA
